NP_414542.1;0.1743842
NP_414543.1;1.0
NP_414544.1;0.1743842
NP_414545.1;0.1743842
NP_414546.1;0.1743842
NP_414547.1;0.27235448
NP_414548.1;1.0
NP_414549.1;0.1743842
NP_414550.1;0.1743842
NP_414551.1;0.99819803
NP_414552.1;0.1743842
NP_414554.1;0.1743842
NP_414555.1;0.1743842
NP_414556.1;0.1743842
NP_414557.1;0.1743842
NP_414559.1;0.1743842
NP_414560.1;0.9999738
NP_414561.1;0.1743842
NP_414562.1;0.1743842
NP_414563.1;0.2791662
NP_414564.1;0.1743842
NP_414565.1;0.9987025
NP_414566.1;0.1743842
NP_414567.1;0.1743842
NP_414568.1;0.8112894
NP_414569.1;0.1743842
NP_414570.1;0.1743842
NP_414571.1;0.9760743
NP_414572.1;0.34472173
NP_414573.1;0.62185836
NP_414574.1;0.1743842
NP_414576.4;0.74842656
NP_414577.2;0.1743842
NP_414578.2;0.1743842
NP_414579.4;0.9986924
NP_414580.1;0.98619586
NP_414581.1;0.1743842
NP_414582.1;1.0
NP_414583.2;0.1743842
NP_414584.1;0.1743842
NP_414585.1;0.47163022
NP_414586.1;0.1743842
NP_414587.1;1.0
NP_414588.1;0.1743842
NP_414589.1;1.0
NP_414590.1;0.1743842
NP_414591.1;0.9842714
NP_414592.1;0.1743842
NP_414593.1;0.1743842
NP_414594.1;0.1743842
NP_414595.1;0.1743842
NP_414596.1;0.99993294
NP_414597.1;0.1743842
NP_414600.1;0.1743842
NP_414601.1;0.99999285
NP_414602.1;0.1743842
NP_414603.1;0.1743842
NP_414604.1;0.7019298
NP_414605.1;0.1743842
NP_414606.1;0.1743842
NP_414607.1;0.9999869
NP_414608.1;0.9750805
NP_414609.1;1.0
NP_414610.1;1.0
NP_414611.1;0.1743842
NP_414613.1;0.1743842
NP_414614.1;0.1743842
NP_414615.4;0.1743842
NP_414616.1;0.1743842
NP_414617.1;0.1743842
NP_414618.4;0.1743842
NP_414620.1;0.32736477
NP_414622.1;0.1743842
NP_414623.1;0.1743842
NP_414624.1;0.20497835
NP_414625.1;0.17440274
NP_414626.1;0.1743842
NP_414627.1;0.1743842
NP_414628.1;0.96102434
NP_414629.1;0.99999905
NP_414630.1;0.192471
NP_414631.1;1.0
NP_414632.1;0.1743842
NP_414633.1;0.1743842
NP_414634.1;0.99999535
NP_414635.1;0.99590456
NP_414636.1;0.1743842
NP_414637.1;0.9966501
NP_414638.1;0.1743842
NP_414639.2;0.1743842
NP_414640.1;1.0
NP_414641.1;0.1743842
NP_414643.1;0.8848393
NP_414644.1;0.1743842
NP_414645.1;0.46231747
NP_414646.1;0.1743842
NP_414648.1;1.0
NP_414649.1;0.1743842
NP_414650.1;0.98782265
NP_414651.1;0.1743842
NP_414652.1;0.1743842
NP_414653.1;0.999999
NP_414654.1;0.9874888
NP_414655.1;0.1743842
NP_414656.1;0.9999994
NP_414657.1;0.1743842
NP_414658.1;0.19002312
NP_414659.1;0.26231045
NP_414660.1;0.8440802
NP_414661.2;0.1743842
NP_414662.1;0.1743842
NP_414663.1;0.1743842
NP_414664.4;0.96363056
NP_414665.1;0.1743842
NP_414666.1;1.0
NP_414667.4;0.1743842
NP_414668.1;0.1743842
NP_414669.1;0.99856514
NP_414670.1;1.0
NP_414671.1;0.1743842
NP_414672.1;0.21461907
NP_414673.1;0.1743842
NP_414674.1;0.1743842
NP_414675.1;0.1743842
NP_414676.1;0.1743842
NP_414677.1;0.9999529
NP_414678.1;0.9999995
NP_414679.1;0.17440024
NP_414680.4;0.8708337
NP_414681.1;1.0
NP_414682.1;0.994331
NP_414683.1;0.99591196
NP_414684.1;0.1743842
NP_414685.4;0.9913244
NP_414686.3;0.1743842
NP_414687.1;0.1743842
NP_414688.1;0.1743842
NP_414689.4;0.1743842
NP_414690.4;0.9991007
NP_414691.1;0.1743842
NP_414692.1;1.0
NP_414693.1;0.98659694
NP_414694.1;0.9994417
NP_414695.1;1.0
NP_414696.1;0.1743842
NP_414697.1;1.0
NP_414698.1;0.1743842
NP_414699.1;0.1743842
NP_414700.1;0.999607
NP_414701.1;0.1743842
NP_414702.1;0.1743842
NP_414703.1;0.99920815
NP_414704.4;0.98055494
NP_414705.1;0.1743842
NP_414706.2;0.1743842
NP_414708.1;0.1743842
NP_414709.1;0.1743842
NP_414710.1;0.1743842
NP_414711.1;0.1743842
NP_414712.1;0.1743842
NP_414713.1;0.1743842
NP_414714.1;0.1743842
NP_414715.1;0.1743842
NP_414716.1;0.19469365
NP_414717.2;0.99981254
NP_414718.1;1.0
NP_414719.1;0.9999987
NP_414720.1;0.19845033
NP_414721.1;0.1743842
NP_414722.1;0.1743842
NP_414723.1;0.1743842
NP_414724.1;0.1743842
NP_414725.1;0.1743842
NP_414726.1;0.1743842
NP_414727.1;0.9819063
NP_414728.1;0.17547855
NP_414729.4;0.1743842
NP_414730.1;0.84345114
NP_414731.2;0.1743842
NP_414732.1;0.1743842
NP_414733.1;0.1743842
NP_414734.1;0.1743842
NP_414735.4;0.17569488
NP_414736.1;0.1743842
NP_414737.1;0.1743842
NP_414738.1;0.1743842
NP_414739.1;0.1743842
NP_414740.1;0.99961877
NP_414741.1;1.0
NP_414742.1;0.1743842
NP_414743.1;0.1743842
NP_414744.1;0.1743842
NP_414745.1;0.1743842
NP_414746.1;0.1743842
NP_414747.1;0.1743842
NP_414748.1;0.1743842
NP_414749.2;0.1743842
NP_414750.1;0.1743842
NP_414751.1;0.1743842
NP_414752.1;0.5896927
NP_414754.1;0.1743842
NP_414755.1;0.34153777
NP_414756.2;0.86042213
NP_414757.1;0.1743842
NP_414758.1;0.73418355
NP_414759.1;0.1743842
NP_414760.1;0.1743842
NP_414761.1;0.1743842
NP_414762.1;0.1743842
NP_414763.1;0.1743842
NP_414766.1;0.1743842
NP_414767.1;0.17471391
NP_414768.1;0.1743842
NP_414769.1;0.46725136
NP_414772.1;0.1743842
NP_414773.1;0.1743842
NP_414774.1;0.1743842
NP_414776.1;0.99999404
NP_414777.1;0.1743842
NP_414778.1;0.1743842
NP_414779.1;0.24970314
NP_414780.1;0.1743842
NP_414781.1;0.1743842
NP_414782.1;0.1743842
NP_414783.1;0.41954723
NP_414784.1;0.9972186
NP_414785.4;0.1743842
NP_414786.4;0.1743842
NP_414787.4;0.1743842
NP_414788.1;0.9085234
NP_414790.1;0.1743842
NP_414793.1;0.2812567
NP_414794.4;1.0
NP_414795.1;0.1743842
NP_414796.2;0.9998977
NP_414798.1;0.1743842
NP_414799.1;0.38938662
NP_414801.1;0.1743842
NP_414802.2;0.1743842
NP_414803.1;0.1743842
NP_414804.1;0.9999995
NP_414805.1;0.1743842
NP_414806.1;0.1743842
NP_414807.1;0.18893585
NP_414808.1;0.1743842
NP_414809.1;0.38938662
NP_414811.1;0.1743842
NP_414812.1;0.35639894
NP_414813.1;0.1743842
NP_414814.1;0.1743842
NP_414815.1;0.1743842
NP_414817.1;0.1743842
NP_414818.1;0.98378986
NP_414819.1;0.1743842
NP_414820.1;0.1743842
NP_414821.1;0.5564833
NP_414822.1;0.1743842
NP_414823.2;0.1743842
NP_414824.1;0.99999964
NP_414825.1;1.0
NP_414826.1;0.1743842
NP_414827.1;0.93280524
NP_414828.1;0.1743842
NP_414829.1;0.1743842
NP_414830.1;0.1743842
NP_414832.2;0.1743842
NP_414833.1;0.1743842
NP_414835.2;0.1743842
NP_414837.2;0.99842465
NP_414838.2;0.5792983
NP_414839.1;0.1743842
NP_414840.1;0.20691171
NP_414841.1;0.1743842
NP_414842.4;0.1743842
NP_414844.1;0.9999573
NP_414845.1;0.2286644
NP_414846.1;0.1743842
NP_414847.3;0.1743842
NP_414848.1;1.0
NP_414849.1;0.1743842
NP_414850.1;0.1743842
NP_414851.1;0.9952656
NP_414852.1;0.18444741
NP_414853.1;0.1743842
NP_414854.1;0.999352
NP_414855.1;0.9659506
NP_414857.1;0.1743842
NP_414858.1;0.1743842
NP_414859.1;0.1743842
NP_414860.1;0.1743842
NP_414861.2;0.1743842
NP_414862.1;1.0
NP_414863.1;0.19387099
NP_414864.1;0.1743842
NP_414865.1;0.9959003
NP_414867.1;0.1743842
NP_414868.1;0.99307996
NP_414869.1;0.1743842
NP_414870.1;1.0
NP_414871.1;0.25887728
NP_414872.3;0.17438427
NP_414873.1;0.1743842
NP_414874.1;0.64708513
NP_414875.1;0.99998784
NP_414876.1;0.1743842
NP_414877.1;1.0
NP_414878.1;0.5970766
NP_414879.3;0.1743842
NP_414880.2;0.9288752
NP_414881.1;0.99419355
NP_414882.1;0.1743842
NP_414883.5;0.1743842
NP_414884.2;0.1743842
NP_414885.1;0.1743842
NP_414886.1;0.1743842
NP_414887.2;1.0
NP_414888.4;0.1743842
NP_414889.1;0.1743842
NP_414890.1;0.1743842
NP_414891.4;0.1743842
NP_414892.1;0.9937345
NP_414894.2;0.17506346
NP_414895.1;0.1743842
NP_414897.1;0.9999976
NP_414898.4;0.22798774
NP_414899.2;0.9998724
NP_414900.1;0.9725003
NP_414901.1;0.9999947
NP_414902.1;0.1743842
NP_414903.4;0.1743842
NP_414906.1;0.1743842
NP_414907.2;0.1743842
NP_414909.2;0.20322701
NP_414910.1;0.51753986
NP_414911.1;1.0
NP_414912.1;0.7331322
NP_414913.1;0.97673917
NP_414914.2;0.70606273
NP_414915.1;0.1743842
NP_414916.1;0.1743842
NP_414917.2;0.1743842
NP_414918.4;0.34021795
NP_414919.1;0.39781523
NP_414920.1;0.1743842
NP_414921.2;0.1743842
NP_414922.1;0.1743842
NP_414923.1;0.1743842
NP_414924.1;0.1743842
NP_414925.1;0.1743842
NP_414927.1;0.1743842
NP_414928.2;0.1743842
NP_414930.3;1.0
NP_414931.1;0.1743842
NP_414932.1;0.1743842
NP_414933.1;0.7382684
NP_414934.1;0.37994072
NP_414935.1;1.0
NP_414936.1;0.9999997
NP_414937.2;0.1743842
NP_414938.1;0.1743842
NP_414939.1;0.1743842
NP_414940.1;0.1743842
NP_414941.1;0.31197235
NP_414942.1;0.9999999
NP_414943.1;0.1743842
NP_414944.1;0.1743842
NP_414945.1;0.9999989
NP_414946.4;0.94105035
NP_414947.1;0.1743842
NP_414948.1;0.1743842
NP_414949.1;0.1743842
NP_414950.1;0.1743842
NP_414951.1;0.9811014
NP_414952.1;0.51373273
NP_414953.2;0.1743842
NP_414954.1;0.1743842
NP_414955.1;0.3759066
NP_414956.1;0.32814085
NP_414957.1;0.1743842
NP_414958.4;0.82580245
NP_414959.1;0.1743842
NP_414960.2;0.1743842
NP_414961.4;0.9999995
NP_414962.1;0.1743842
NP_414963.1;0.97954595
NP_414964.1;0.9998919
NP_414965.1;1.0
NP_414966.1;0.99120355
NP_414967.1;1.0
NP_414968.4;0.9977958
NP_414969.4;0.1743842
NP_414970.1;0.1743842
NP_414971.1;0.1743842
NP_414972.1;0.1743842
NP_414973.1;0.1743842
NP_414974.1;0.1743842
NP_414975.1;0.1743842
NP_414976.1;0.96065295
NP_414977.1;0.1743842
NP_414978.1;0.1743842
NP_414979.1;0.8981881
NP_414980.2;0.1743842
NP_414981.4;0.74710053
NP_414982.1;0.17438427
NP_414983.1;0.9998332
NP_414984.1;0.77896893
NP_414985.1;0.99999326
NP_414986.1;0.57461005
NP_414987.3;0.76672184
NP_414988.1;0.1743842
NP_414989.1;0.1743842
NP_414990.2;0.1743842
NP_414991.4;0.4111879
NP_414992.1;0.17501491
NP_414993.1;0.1743842
NP_414994.1;0.1743842
NP_414995.1;1.0
NP_414996.1;1.0
NP_414997.1;0.19651362
NP_414998.1;1.0
NP_414999.1;0.17442366
NP_415000.1;0.17465284
NP_415001.1;0.9585093
NP_415002.1;0.1743842
NP_415003.1;0.1743842
NP_415004.1;0.1743842
NP_415005.1;0.1743842
NP_415006.1;0.1743842
NP_415007.1;0.1743842
NP_415008.1;0.83397347
NP_415009.1;0.1743842
NP_415010.1;0.9990668
NP_415011.1;1.0
NP_415012.1;1.0
NP_415013.1;0.1743842
NP_415014.1;0.1743842
NP_415015.1;0.9999789
NP_415016.4;0.1743842
NP_415017.1;0.9999733
NP_415018.1;0.1743842
NP_415019.1;1.0
NP_415020.1;0.1743842
NP_415021.2;0.9996412
NP_415022.1;0.1743842
NP_415023.1;0.9756582
NP_415024.4;0.9999657
NP_415025.4;0.99653876
NP_415026.1;0.1743842
NP_415027.1;0.4913447
NP_415028.1;0.99456656
NP_415029.1;1.0
NP_415030.1;1.0
NP_415031.1;0.1743842
NP_415036.1;0.1743842
NP_415037.1;0.1743842
NP_415038.1;0.1743842
NP_415039.1;0.999761
NP_415040.1;0.9332069
NP_415041.1;0.1743842
NP_415042.1;0.998683
NP_415044.4;1.0
NP_415045.1;0.1743842
NP_415046.4;1.0
NP_415047.1;0.9996279
NP_415048.1;0.9949051
NP_415049.1;0.1743842
NP_415050.1;0.99985826
NP_415051.1;0.1743842
NP_415053.1;0.70416003
NP_415054.1;0.1743842
NP_415055.1;0.20701161
NP_415056.1;0.87409586
NP_415057.1;0.91132617
NP_415058.1;0.39103407
NP_415059.1;0.1743842
NP_415060.1;0.9994234
NP_415061.2;0.17533815
NP_415062.1;0.1743842
NP_415063.4;0.1743842
NP_415064.1;0.99953544
NP_415065.1;0.1743842
NP_415066.2;0.9999788
NP_415067.1;0.6308229
NP_415068.1;0.1743842
NP_415069.1;0.1743842
NP_415072.2;0.1743842
NP_415073.1;0.1743842
NP_415075.1;0.9692826
NP_415076.1;0.20163381
NP_415077.1;0.1889616
NP_415078.1;0.4638633
NP_415079.1;0.1743842
NP_415080.1;0.91111517
NP_415081.1;0.75347245
NP_415082.1;0.1743842
NP_415083.1;0.1743842
NP_415084.1;0.2812567
NP_415086.1;0.9999993
NP_415087.1;0.1743842
NP_415088.1;0.1743842
NP_415089.1;0.9988936
NP_415090.2;0.1743842
NP_415091.1;0.55247307
NP_415092.1;0.1743842
NP_415096.1;0.1743842
NP_415097.1;0.1743842
NP_415098.1;0.3603784
NP_415099.1;0.25390947
NP_415100.1;0.4701496
NP_415101.1;0.9985198
NP_415102.1;0.99911714
NP_415103.1;0.9971931
NP_415104.1;0.98594916
NP_415105.1;0.1743842
NP_415106.1;0.99999976
NP_415107.1;1.0
NP_415108.1;1.0
NP_415109.1;1.0
NP_415110.1;0.1743842
NP_415111.1;0.1743842
NP_415112.1;0.99999714
NP_415113.1;0.1743842
NP_415114.1;0.1743842
NP_415115.2;0.25367367
NP_415116.1;0.9994379
NP_415117.2;0.1743842
NP_415118.1;0.1743842
NP_415119.1;0.9990592
NP_415120.1;0.9999855
NP_415121.1;0.99945796
NP_415122.1;1.0
NP_415123.1;1.0
NP_415124.1;0.9766978
NP_415125.1;0.1743842
NP_415126.1;0.1743842
NP_415127.1;0.1743842
NP_415128.1;0.83205974
NP_415129.1;0.1748406
NP_415130.1;1.0
NP_415132.1;0.25095195
NP_415133.1;0.1743842
NP_415134.1;0.1743842
NP_415135.1;0.1743842
NP_415136.1;0.6420569
NP_415137.2;0.9999875
NP_415138.1;0.1743842
NP_415139.2;0.85932004
NP_415140.1;0.1743842
NP_415141.1;0.1743842
NP_415143.1;0.1743842
NP_415144.1;0.99999833
NP_415145.1;1.0
NP_415146.1;0.9724649
NP_415147.1;0.1743842
NP_415148.1;0.1743842
NP_415149.4;0.1743842
NP_415150.1;0.1743842
NP_415151.4;0.1743842
NP_415152.1;0.1743842
NP_415153.1;0.1743842
NP_415154.1;1.0
NP_415155.1;0.1743842
NP_415156.1;0.65618813
NP_415157.1;0.9774964
NP_415160.1;0.9932705
NP_415161.1;0.1743842
NP_415162.4;0.1743842
NP_415163.2;0.1743842
NP_415164.1;0.7062247
NP_415165.1;0.9993927
NP_415166.1;0.78537786
NP_415167.1;0.9999983
NP_415168.1;0.9493518
NP_415169.1;0.1743842
NP_415170.4;0.1743842
NP_415171.1;0.1743842
NP_415172.1;0.1743842
NP_415173.1;0.9607348
NP_415174.1;0.1743842
NP_415175.1;0.1743842
NP_415176.1;0.1743842
NP_415177.4;0.1743842
NP_415178.1;0.99825984
NP_415179.1;0.96005344
NP_415180.1;0.1743842
NP_415181.1;0.9797379
NP_415182.1;0.1743842
NP_415183.1;0.54939926
NP_415184.1;0.1743842
NP_415185.1;0.9973842
NP_415186.1;1.0
NP_415187.1;1.0
NP_415188.1;0.90790606
NP_415189.1;0.2812567
NP_415190.1;1.0
NP_415191.1;0.1743842
NP_415192.1;0.1743842
NP_415193.2;0.1743842
NP_415194.1;0.1743842
NP_415195.1;0.21176562
NP_415200.1;0.19453678
NP_415201.1;0.27617598
NP_415202.1;0.1743842
NP_415203.1;0.1743842
NP_415204.1;0.1743842
NP_415205.1;0.99999976
NP_415206.1;0.1743842
NP_415207.1;1.0
NP_415208.1;0.8985205
NP_415209.1;0.1743842
NP_415210.1;0.1743842
NP_415211.2;0.1743842
NP_415212.1;0.1743842
NP_415213.1;0.1743842
NP_415214.1;0.1743842
NP_415215.1;0.25629234
NP_415219.1;1.0
NP_415220.1;0.9999646
NP_415222.1;0.26348567
NP_415223.1;0.1743842
NP_415224.1;0.68756205
NP_415225.1;1.0
NP_415226.1;0.99999726
NP_415228.1;0.76400983
NP_415229.1;0.9944824
NP_415230.1;0.99267656
NP_415232.1;0.1743842
NP_415234.1;0.1743842
NP_415235.1;0.1743842
NP_415236.1;0.1743842
NP_415237.1;0.9994712
NP_415238.1;0.6814817
NP_415239.1;0.1743842
NP_415240.1;0.1743842
NP_415241.1;0.1743842
NP_415242.1;0.1743842
NP_415243.4;1.0
NP_415244.4;0.99940467
NP_415245.1;0.99999976
NP_415246.2;0.9999994
NP_415247.1;0.27871203
NP_415248.1;0.1743842
NP_415249.1;0.99544173
NP_415250.1;0.99952245
NP_415251.1;0.73041415
NP_415252.1;0.1743842
NP_415254.1;0.42712834
NP_415255.1;0.1743842
NP_415256.1;0.1743842
NP_415257.1;0.74154806
NP_415258.1;0.1743842
NP_415259.1;0.99951047
NP_415260.1;0.1743842
NP_415261.2;0.9998964
NP_415262.1;0.9999964
NP_415263.1;0.9993882
NP_415264.1;0.80805963
NP_415265.1;0.9409589
NP_415266.1;0.1743842
NP_415267.1;0.1743842
NP_415268.1;1.0
NP_415269.1;0.1743842
NP_415270.1;0.1743842
NP_415271.1;0.1743842
NP_415272.1;1.0
NP_415273.1;0.99380636
NP_415274.1;0.1743842
NP_415275.1;0.1743842
NP_415276.1;0.1743842
NP_415277.1;0.1743842
NP_415278.1;0.9976461
NP_415279.1;0.49242628
NP_415280.3;0.1743842
NP_415281.1;1.0
NP_415282.1;0.5170324
NP_415283.1;0.99989533
NP_415284.1;1.0
NP_415285.1;0.99999946
NP_415286.1;0.9989691
NP_415287.1;0.1743842
NP_415288.1;0.1743842
NP_415289.4;0.3634507
NP_415290.1;0.1743842
NP_415291.1;1.0
NP_415292.2;0.1743842
NP_415293.1;0.9999854
NP_415294.1;0.1743842
NP_415295.1;0.5122609
NP_415296.1;0.1743842
NP_415297.1;0.23626798
NP_415298.1;0.1743842
NP_415299.1;0.1743842
NP_415300.1;0.1743842
NP_415301.1;0.1743842
NP_415302.1;0.26089954
NP_415303.1;0.1743842
NP_415304.1;0.1743842
NP_415305.1;0.20328036
NP_415306.1;0.1743842
NP_415307.1;1.0
NP_415308.1;0.99971014
NP_415309.1;0.999997
NP_415310.1;0.9998642
NP_415311.1;0.3704934
NP_415312.1;0.1743842
NP_415313.1;0.9999942
NP_415314.1;0.99999964
NP_415315.4;1.0
NP_415316.1;0.975408
NP_415317.4;0.2596897
NP_415318.1;0.9408312
NP_415319.1;0.1743842
NP_415320.1;0.1743842
NP_415321.1;0.1743842
NP_415322.1;0.1743842
NP_415323.1;0.96886766
NP_415324.1;0.1743842
NP_415325.4;0.7748047
NP_415326.1;0.9999992
NP_415327.2;0.99616647
NP_415328.4;0.1743842
NP_415329.4;1.0
NP_415330.1;0.9999248
NP_415331.1;0.99997187
NP_415332.1;0.9322894
NP_415333.1;0.1743842
NP_415334.1;1.0
NP_415335.1;0.8789564
NP_415336.1;0.46554756
NP_415338.1;0.1743842
NP_415339.1;1.0
NP_415340.1;0.99634576
NP_415341.1;0.9974695
NP_415342.1;0.1743842
NP_415343.1;0.99943036
NP_415344.1;0.992679
NP_415345.2;0.1743842
NP_415346.4;0.1743842
NP_415347.1;0.1743842
NP_415348.1;0.8504292
NP_415349.1;0.9979341
NP_415350.2;0.99992335
NP_415351.1;0.9999895
NP_415352.1;1.0
NP_415353.1;0.999086
NP_415354.1;0.99456394
NP_415355.1;0.33363536
NP_415356.1;0.1743842
NP_415357.1;0.1743842
NP_415358.1;0.1743842
NP_415359.4;0.25921893
NP_415360.1;0.1743842
NP_415361.1;0.1743842
NP_415362.1;0.1743842
NP_415363.1;0.99995744
NP_415364.1;0.9953755
NP_415365.4;0.5878656
NP_415366.1;1.0
NP_415367.1;0.1743842
NP_415368.1;1.0
NP_415369.1;0.99674106
NP_415370.1;0.1743842
NP_415371.1;0.3286597
NP_415372.1;0.1743842
NP_415373.1;0.1743842
NP_415374.1;0.18685073
NP_415375.1;0.9903661
NP_415376.4;0.9948176
NP_415377.1;0.9999976
NP_415378.1;0.9999987
NP_415379.1;0.9999996
NP_415380.1;0.1743842
NP_415381.1;0.99998164
NP_415382.1;0.99999636
NP_415383.1;1.0
NP_415384.1;0.99790597
NP_415385.1;0.97511756
NP_415386.1;0.1743842
NP_415387.1;0.1743842
NP_415388.1;0.8453206
NP_415389.2;0.1743842
NP_415390.4;0.1743842
NP_415391.1;0.1743842
NP_415392.1;0.99999976
NP_415393.1;0.6825381
NP_415394.4;0.1743842
NP_415395.2;0.99220145
NP_415396.1;0.99999785
NP_415397.1;0.1743842
NP_415398.1;0.58539
NP_415399.4;0.9938743
NP_415400.1;1.0
NP_415401.1;0.1743842
NP_415402.1;0.1743842
NP_415403.1;0.1743842
NP_415404.1;0.1743842
NP_415405.1;0.1743842
NP_415406.1;1.0
NP_415407.1;0.99999595
NP_415408.1;0.22326297
NP_415409.1;0.1743842
NP_415410.1;1.0
NP_415411.2;0.99797326
NP_415412.1;0.1743842
NP_415413.1;0.1743842
NP_415414.4;0.99928015
NP_415415.1;0.1743842
NP_415416.1;1.0
NP_415417.1;0.57750195
NP_415418.1;0.9999995
NP_415419.2;1.0
NP_415420.1;0.5121749
NP_415421.1;0.6500777
NP_415422.1;0.1743842
NP_415423.1;0.89175403
NP_415424.1;1.0
NP_415425.4;0.70455116
NP_415426.1;0.99975395
NP_415427.1;0.1743842
NP_415428.1;0.1743842
NP_415429.2;0.1743842
NP_415430.1;0.1743842
NP_415431.1;0.1743842
NP_415432.1;0.1743842
NP_415433.4;1.0
NP_415434.1;0.99999565
NP_415435.1;0.5801168
NP_415436.1;0.1743842
NP_415437.1;0.1743842
NP_415438.1;0.1743842
NP_415439.1;0.17478645
NP_415440.1;0.9910076
NP_415441.1;0.39180675
NP_415442.1;0.1743842
NP_415443.2;0.1743842
NP_415444.1;0.1743842
NP_415445.1;0.1743842
NP_415446.1;0.74027514
NP_415447.1;0.1743842
NP_415448.1;0.8227595
NP_415449.1;0.99999964
NP_415450.1;0.1743842
NP_415451.1;0.1743842
NP_415452.1;0.1743842
NP_415453.1;0.9998676
NP_415454.4;1.0
NP_415455.1;0.9994682
NP_415456.4;0.9999985
NP_415457.1;0.1743842
NP_415458.2;0.20502892
NP_415459.1;0.1743842
NP_415460.1;1.0
NP_415461.1;0.1743842
NP_415462.1;0.9624677
NP_415463.2;0.1743842
NP_415464.4;0.39692163
NP_415465.1;0.1743842
NP_415466.4;0.1743842
NP_415467.1;0.1743842
NP_415468.1;0.1743842
NP_415469.1;0.9991075
NP_415470.1;0.9999882
NP_415471.1;0.1743842
NP_415472.2;0.39751157
NP_415473.1;0.19633463
NP_415474.1;0.1743842
NP_415475.1;0.1743842
NP_415476.1;0.1743842
NP_415477.1;0.1743842
NP_415478.1;0.1743842
NP_415479.1;0.1743842
NP_415480.2;1.0
NP_415481.1;0.9999758
NP_415482.1;0.1743842
NP_415483.2;0.1743842
NP_415484.1;0.1743842
NP_415485.4;0.1743842
NP_415486.4;0.1743842
NP_415487.4;0.1743842
NP_415488.1;0.1743842
NP_415489.4;0.1743842
NP_415490.1;0.9999311
NP_415491.1;0.1743842
NP_415492.1;0.73145413
NP_415493.1;1.0
NP_415494.1;0.9990143
NP_415495.1;0.7432296
NP_415496.1;0.1743842
NP_415497.1;1.0
NP_415498.1;0.99999964
NP_415500.1;0.1743842
NP_415501.1;0.9087527
NP_415502.4;0.19504857
NP_415503.1;0.99999154
NP_415504.1;0.99999833
NP_415505.1;0.3580783
NP_415506.1;0.9701868
NP_415507.2;0.99998444
NP_415508.1;0.1743842
NP_415509.1;0.1743842
NP_415510.1;0.19724566
NP_415511.1;0.99851453
NP_415512.1;0.99951935
NP_415513.2;1.0
NP_415514.1;0.8636428
NP_415515.1;0.1743842
NP_415516.1;0.1743842
NP_415517.1;1.0
NP_415518.1;0.1743842
NP_415519.1;0.1743842
NP_415520.1;0.1743842
NP_415521.1;0.1743842
NP_415522.1;0.1743842
NP_415523.1;0.1743842
NP_415524.1;0.41639012
NP_415525.2;0.1743842
NP_415526.4;1.0
NP_415527.4;0.1743842
NP_415528.1;0.1743842
NP_415529.1;0.1743842
NP_415530.1;0.1743842
NP_415531.2;0.9959258
NP_415532.3;0.9984848
NP_415533.1;0.6692253
NP_415534.1;0.99993885
NP_415535.1;1.0
NP_415537.1;0.1743842
NP_415538.1;0.9999975
NP_415539.1;0.1743842
NP_415540.1;0.5750389
NP_415541.1;1.0
NP_415542.1;0.96695334
NP_415543.1;0.8768748
NP_415544.1;1.0
NP_415545.1;0.1743842
NP_415546.2;0.1743842
NP_415548.1;0.9999994
NP_415551.2;0.1743842
NP_415552.1;0.1743842
NP_415553.1;0.1743842
NP_415554.4;0.99764585
NP_415555.1;0.9059035
NP_415556.1;0.76682997
NP_415557.1;0.99406916
NP_415558.1;0.1743842
NP_415559.1;0.7942012
NP_415560.1;0.9390682
NP_415561.1;0.82190216
NP_415562.1;0.79371595
NP_415563.1;0.1743842
NP_415564.2;0.97094357
NP_415565.1;0.1743842
NP_415566.1;0.1743842
NP_415567.1;1.0
NP_415568.1;0.18755454
NP_415569.4;0.1743842
NP_415571.1;1.0
NP_415572.1;0.1743842
NP_415573.1;0.1743842
NP_415574.1;0.1743842
NP_415575.1;0.1743842
NP_415576.1;0.1743842
NP_415577.1;0.1743842
NP_415578.3;0.21240881
NP_415579.1;0.59245265
NP_415580.1;0.1743842
NP_415581.1;0.1743842
NP_415582.1;0.1743842
NP_415583.4;1.0
NP_415584.1;0.1743842
NP_415585.1;0.1743842
NP_415586.1;0.23491302
NP_415587.1;1.0
NP_415588.1;0.6518114
NP_415589.1;0.1743842
NP_415590.1;0.21399468
NP_415591.1;0.1743842
NP_415592.1;0.1743842
NP_415593.1;0.1743842
NP_415594.1;0.9995578
NP_415595.1;0.1743842
NP_415596.1;0.996652
NP_415597.1;0.9992016
NP_415598.3;0.1743842
NP_415599.1;0.9405986
NP_415600.1;1.0
NP_415601.1;0.1743842
NP_415602.1;0.1743842
NP_415603.2;0.23488256
NP_415604.1;0.1743842
NP_415605.2;0.1743842
NP_415606.1;0.1743842
NP_415607.1;0.1743842
NP_415608.2;0.1743842
NP_415609.1;0.1743842
NP_415610.1;0.9998857
NP_415611.1;0.9872645
NP_415612.1;0.1743842
NP_415613.1;0.1743842
NP_415614.1;0.1743842
NP_415615.1;0.86723363
NP_415616.1;0.1743842
NP_415617.1;0.1743842
NP_415618.1;0.1743842
NP_415619.1;0.99892604
NP_415620.1;0.9996819
NP_415621.3;0.1743842
NP_415622.1;0.1743842
NP_415623.1;0.85630727
NP_415624.1;0.1743842
NP_415625.1;0.1743842
NP_415626.4;0.1743842
NP_415627.1;0.87459934
NP_415628.1;0.63192594
NP_415629.4;0.1743842
NP_415630.1;0.9922706
NP_415631.1;0.8819857
NP_415632.1;0.1743842
NP_415633.1;1.0
NP_415634.1;1.0
NP_415635.4;0.8858183
NP_415636.1;0.9999281
NP_415637.1;0.1743842
NP_415638.3;0.1743842
NP_415639.1;1.0
NP_415640.2;0.1743842
NP_415641.1;0.99786115
NP_415642.1;0.9999992
NP_415643.3;1.0
NP_415644.1;0.938571
NP_415645.1;0.1743842
NP_415646.4;0.1743842
NP_415647.1;0.9745475
NP_415648.1;0.1743842
NP_415649.1;0.1743842
NP_415650.1;0.1743842
NP_415651.4;0.74220085
NP_415652.1;0.1743842
NP_415653.4;0.1743842
NP_415654.1;0.8750417
NP_415655.1;0.76752305
NP_415656.1;0.7510414
NP_415657.1;0.9996463
NP_415658.1;0.1743842
NP_415659.1;0.8639163
NP_415661.2;0.1743842
NP_415662.2;0.1743842
NP_415663.1;0.1743842
NP_415664.2;0.1743842
NP_415665.2;0.1743842
NP_415666.1;0.30438423
NP_415668.1;0.99996185
NP_415671.1;0.1743842
NP_415672.1;0.1743842
NP_415673.1;0.22996196
NP_415674.1;0.1743842
NP_415676.1;0.96373475
NP_415677.1;0.1743842
NP_415678.1;0.76845515
NP_415679.1;0.1743842
NP_415680.1;0.1743842
NP_415681.1;0.1743842
NP_415682.1;0.6366463
NP_415683.1;0.1743842
NP_415684.1;0.1743842
NP_415685.1;0.1743842
NP_415686.2;0.1743842
NP_415689.2;0.99880433
NP_415690.5;0.99651545
NP_415692.1;0.1743842
NP_415693.1;0.1743842
NP_415694.1;0.1743842
NP_415695.1;0.5822902
NP_415696.1;0.19123805
NP_415697.5;0.1743842
NP_415698.1;0.1743842
NP_415699.5;0.1743842
NP_415700.4;0.9962057
NP_415701.1;0.5106628
NP_415702.1;0.1743842
NP_415703.3;0.7075034
NP_415704.1;1.0
NP_415705.1;0.1743842
NP_415706.1;0.1743842
NP_415707.1;0.1743842
NP_415708.1;0.9955074
NP_415709.2;1.0
NP_415710.1;0.86062765
NP_415711.2;0.27544504
NP_415712.1;0.99562263
NP_415713.1;0.9997115
NP_415714.1;0.46985552
NP_415715.1;0.99996537
NP_415716.4;0.8740419
NP_415717.1;0.1743842
NP_415718.6;0.28195283
NP_415719.2;0.27013934
NP_415720.1;1.0
NP_415721.1;0.1743842
NP_415722.1;0.1743842
NP_415723.1;0.9972961
NP_415724.2;1.0
NP_415725.1;0.1743842
NP_415726.1;0.1743842
NP_415727.1;0.1743842
NP_415728.1;0.1743842
NP_415729.1;0.1743842
NP_415730.1;0.1743842
NP_415731.1;0.19610447
NP_415732.1;0.1743842
NP_415733.1;0.1743842
NP_415734.1;0.9999995
NP_415735.1;0.1743842
NP_415736.2;0.1743842
NP_415737.1;0.1743842
NP_415738.2;0.1743842
NP_415739.1;0.1743842
NP_415740.1;0.9999993
NP_415741.1;1.0
NP_415742.1;1.0
NP_415743.1;0.1743842
NP_415744.1;0.2793492
NP_415745.1;0.9999441
NP_415747.2;0.1743842
NP_415748.1;0.1743842
NP_415749.1;0.1743842
NP_415750.2;0.96740484
NP_415751.1;0.28492332
NP_415752.1;0.1743842
NP_415753.1;0.1743842
NP_415754.1;0.1743842
NP_415757.1;0.8684567
NP_415758.1;0.9999994
NP_415759.1;0.9999883
NP_415760.1;0.99994075
NP_415761.1;0.99999815
NP_415763.1;0.1743842
NP_415764.4;0.1743842
NP_415765.1;0.1743842
NP_415766.1;0.9999889
NP_415767.2;0.1743842
NP_415768.1;0.1743842
NP_415769.1;0.30534643
NP_415770.1;0.19226909
NP_415771.1;0.1743842
NP_415772.1;0.9999979
NP_415773.1;0.1743842
NP_415774.1;0.1743842
NP_415775.4;0.1743842
NP_415776.1;0.1743842
NP_415777.1;0.1743842
NP_415778.3;0.7703841
NP_415779.1;0.99999607
NP_415780.1;0.9561497
NP_415781.1;0.1743842
NP_415782.1;0.1743842
NP_415783.6;0.1743842
NP_415784.1;0.9999989
NP_415785.1;0.1743842
NP_415786.1;0.1743842
NP_415787.1;0.1743842
NP_415788.1;0.1743842
NP_415789.1;0.17438531
NP_415790.1;0.1743842
NP_415791.1;0.1743842
NP_415792.1;0.1743842
NP_415793.1;0.1743842
NP_415794.1;0.9999931
NP_415795.1;0.99940205
NP_415796.1;1.0
NP_415797.1;0.47559392
NP_415798.2;0.1743842
NP_415799.1;0.99946785
NP_415800.1;0.8980698
NP_415801.1;0.99538684
NP_415802.1;0.1743842
NP_415803.2;0.9579711
NP_415804.1;0.99993986
NP_415805.1;0.1743842
NP_415806.1;0.9999925
NP_415807.1;0.97340316
NP_415808.1;1.0
NP_415809.1;0.99999636
NP_415810.1;0.9999989
NP_415811.1;0.1743842
NP_415812.4;1.0
NP_415813.4;0.1743842
NP_415814.4;0.3995138
NP_415815.1;0.1743842
NP_415816.1;0.1743842
NP_415817.1;0.1743842
NP_415818.1;0.9904728
NP_415819.4;0.1743842
NP_415820.1;0.1743842
NP_415821.1;0.69316816
NP_415822.1;0.1743842
NP_415823.1;0.1743842
NP_415824.1;0.1743842
NP_415825.4;0.33969605
NP_415826.1;1.0
NP_415827.1;0.9988406
NP_415828.1;0.9999548
NP_415829.1;0.1743842
NP_415830.2;0.53559166
NP_415831.1;0.1743842
NP_415832.1;0.980621
NP_415833.1;0.5107284
NP_415835.1;0.9864809
NP_415836.1;0.20859104
NP_415837.1;0.9999859
NP_415838.1;0.17590266
NP_415839.1;0.1743842
NP_415840.1;0.5158193
NP_415841.4;0.1743842
NP_415842.2;0.1743842
NP_415843.2;0.60382235
NP_415844.1;0.8419166
NP_415845.2;1.0
NP_415846.1;0.99999887
NP_415847.1;0.2812567
NP_415848.1;0.9999941
NP_415849.1;0.1743842
NP_415850.1;0.1743842
NP_415851.1;0.8437011
NP_415852.2;0.99999857
NP_415853.1;0.9640423
NP_415854.4;0.6396443
NP_415855.1;0.1743842
NP_415856.1;0.1743842
NP_415857.2;0.1743842
NP_415858.1;0.9999316
NP_415859.1;0.1743842
NP_415860.1;0.1743842
NP_415861.1;0.9580421
NP_415862.4;0.1743842
NP_415863.1;0.17474067
NP_415864.1;0.17438835
NP_415865.1;0.1743842
NP_415866.1;0.1743842
NP_415867.1;0.1743842
NP_415869.2;0.1743842
NP_415870.4;0.2980764
NP_415872.2;0.5088033
NP_415873.2;0.1743842
NP_415874.1;0.1743842
NP_415875.1;0.1743842
NP_415876.1;0.1743842
NP_415877.1;0.18749797
NP_415878.1;0.17438972
NP_415881.1;1.0
NP_415883.1;0.1743842
NP_415888.1;0.1743842
NP_415890.2;0.95452344
NP_415891.1;0.1743842
NP_415892.1;0.1743842
NP_415893.2;0.1743842
NP_415894.4;0.1743842
NP_415895.1;1.0
NP_415896.1;0.9999988
NP_415897.1;0.5521071
NP_415898.1;0.5195515
NP_415899.1;0.99999964
NP_415900.1;0.99301475
NP_415901.2;0.329724
NP_415902.1;0.1743842
NP_415903.4;0.1743842
NP_415904.3;0.9999988
NP_415905.1;1.0
NP_415906.1;0.1743842
NP_415907.1;0.1743842
NP_415908.1;0.99985695
NP_415909.4;0.1743842
NP_415910.1;0.1743842
NP_415911.1;0.18151185
NP_415912.1;0.1743842
NP_415913.1;0.9955987
NP_415914.1;0.9999167
NP_415915.1;0.45198047
NP_415916.1;0.1743842
NP_415917.1;0.9218662
NP_415918.1;0.1743842
NP_415920.1;0.1743842
NP_415921.2;0.17506346
NP_415922.1;0.1743842
NP_415924.1;0.1743842
NP_415925.2;0.1743842
NP_415926.4;0.9885845
NP_415927.1;0.9999826
NP_415928.1;0.1743842
NP_415929.1;1.0
NP_415930.1;0.1743842
NP_415931.4;0.1743842
NP_415932.1;0.1743842
NP_415933.1;0.1743842
NP_415935.2;0.66894907
NP_415936.1;0.9524784
NP_415937.1;0.1743842
NP_415938.1;0.999997
NP_415939.2;0.1743842
NP_415940.1;0.1743842
NP_415941.5;0.99998516
NP_415943.4;0.1743842
NP_415944.1;0.1743842
NP_415945.1;0.99911696
NP_415946.1;0.999999
NP_415947.1;0.1743842
NP_415948.1;0.33063084
NP_415949.2;0.45246005
NP_415950.4;1.0
NP_415951.1;0.1743842
NP_415952.2;0.1743842
NP_415953.1;0.1743842
NP_415954.2;0.3483007
NP_415955.2;0.2736997
NP_415956.1;0.1743842
NP_415957.1;1.0
NP_415958.1;1.0
NP_415959.1;1.0
NP_415960.1;1.0
NP_415961.1;0.98987186
NP_415962.2;0.99994075
NP_415963.1;0.1743842
NP_415964.1;0.99999046
NP_415965.1;0.1743842
NP_415966.6;0.1743842
NP_415967.2;0.1743842
NP_415968.1;1.0
NP_415969.1;0.75071543
NP_415970.4;1.0
NP_415971.1;0.1743842
NP_415972.1;0.5980264
NP_415974.1;0.41575766
NP_415977.1;0.1743842
NP_415978.1;0.23826876
NP_415979.2;0.1743842
NP_415980.1;0.1743842
NP_415981.1;0.1743842
NP_415982.1;0.99999577
NP_415983.1;0.1743842
NP_415984.1;0.1743842
NP_415985.1;1.0
NP_415986.1;1.0
NP_415990.5;1.0
NP_415991.1;1.0
NP_415992.1;0.1743842
NP_415993.1;0.9705726
NP_415994.4;0.5740484
NP_415995.4;0.1743842
NP_415996.2;0.9997815
NP_415997.1;0.1743842
NP_415998.4;0.1771723
NP_415999.1;0.1743842
NP_416000.1;0.75868976
NP_416001.1;0.9975992
NP_416002.1;1.0
NP_416003.1;0.9999946
NP_416004.1;0.9948387
NP_416005.1;0.1743842
NP_416006.4;0.9572925
NP_416007.3;0.5174982
NP_416008.1;0.9999342
NP_416009.1;1.0
NP_416010.1;0.1743842
NP_416011.1;0.1743842
NP_416012.1;0.99999607
NP_416013.1;1.0
NP_416014.4;0.98553133
NP_416015.2;0.1743842
NP_416016.1;0.1743842
NP_416017.1;0.7262382
NP_416018.1;0.21659443
NP_416019.1;0.8825087
NP_416020.1;0.5388927
NP_416021.1;0.9645293
NP_416024.1;0.27289724
NP_416025.1;0.1743842
NP_416028.3;0.19207439
NP_416029.1;0.1743842
NP_416030.1;1.0
NP_416031.1;1.0
NP_416032.1;0.96578515
NP_416033.1;0.99608314
NP_416034.1;0.1743842
NP_416035.1;0.1743842
NP_416036.1;0.1743842
NP_416037.2;0.9908901
NP_416039.1;0.9999981
NP_416040.1;0.1743842
NP_416041.1;0.9998833
NP_416042.2;0.917698
NP_416043.1;0.1743842
NP_416044.1;0.71814036
NP_416045.1;1.0
NP_416046.1;0.3814795
NP_416047.4;0.82410014
NP_416048.2;0.1743842
NP_416049.1;0.53802186
NP_416050.4;0.9999857
NP_416051.1;1.0
NP_416052.1;0.1743842
NP_416054.1;0.5048322
NP_416055.1;0.1743842
NP_416056.1;0.7978423
NP_416057.1;0.6303474
NP_416058.1;0.1743842
NP_416059.1;0.17444742
NP_416060.1;0.72573674
NP_416062.2;0.1743842
NP_416063.1;0.1743842
NP_416064.1;0.1743842
NP_416065.1;0.86145556
NP_416067.2;0.1743842
NP_416068.2;0.1743842
NP_416069.2;0.34545892
NP_416070.1;0.3377247
NP_416071.1;0.3811337
NP_416072.1;0.1743842
NP_416073.1;0.1743842
NP_416074.4;0.99998915
NP_416075.1;0.1743842
NP_416076.1;0.1743842
NP_416077.4;0.1743842
NP_416078.4;0.1743842
NP_416079.1;0.9307115
NP_416080.1;0.1743842
NP_416081.1;0.1743842
NP_416082.1;0.74769956
NP_416083.1;0.1743842
NP_416084.1;0.29516703
NP_416087.1;0.19523847
NP_416088.1;0.1743842
NP_416089.1;0.560912
NP_416090.2;0.1743842
NP_416091.1;0.17439428
NP_416092.1;0.2558121
NP_416093.1;0.1743842
NP_416097.1;0.5094591
NP_416098.1;0.80880445
NP_416099.1;0.9989518
NP_416100.1;0.1743842
NP_416101.1;0.1743842
NP_416102.2;0.99943846
NP_416103.2;0.1743842
NP_416104.1;0.99414456
NP_416105.4;0.1743842
NP_416106.1;0.1743842
NP_416107.1;0.9999756
NP_416108.2;0.9343221
NP_416109.2;1.0
NP_416110.4;0.1743842
NP_416111.1;0.32351878
NP_416112.1;0.1743842
NP_416113.1;0.9990901
NP_416114.2;0.1743842
NP_416115.1;0.97485125
NP_416116.1;0.9998797
NP_416117.1;0.99260014
NP_416118.1;0.9999995
NP_416119.1;1.0
NP_416120.1;0.9999279
NP_416121.1;0.9046438
NP_416122.1;1.0
NP_416123.1;0.1743842
NP_416124.1;0.9993056
NP_416125.2;0.17557842
NP_416126.1;0.4909896
NP_416127.1;0.1743842
NP_416128.1;0.1743842
NP_416129.1;0.44264945
NP_416130.3;0.1743842
NP_416131.1;0.99998033
NP_416132.2;1.0
NP_416133.1;1.0
NP_416134.1;0.98965657
NP_416135.1;0.1743842
NP_416136.1;0.1743842
NP_416137.1;0.1743842
NP_416138.1;0.9999876
NP_416139.1;0.56522226
NP_416140.1;0.1743842
NP_416141.4;0.1743842
NP_416142.1;0.1743842
NP_416143.2;0.9999975
NP_416144.1;0.2636821
NP_416145.1;0.17498499
NP_416146.1;0.1743842
NP_416147.1;0.1743842
NP_416148.1;0.732793
NP_416149.1;0.1743842
NP_416150.1;0.1743842
NP_416151.1;1.0
NP_416152.1;0.18844706
NP_416153.1;0.1743842
NP_416154.1;0.1743842
NP_416155.1;0.1743842
NP_416156.4;0.1743842
NP_416157.1;0.1743842
NP_416159.2;0.1743842
NP_416160.1;0.8397937
NP_416161.4;0.28480428
NP_416162.1;0.9958198
NP_416163.1;0.1743842
NP_416165.2;0.1743842
NP_416166.3;0.1743842
NP_416167.1;0.1743842
NP_416168.1;0.1743842
NP_416169.1;0.1743842
NP_416170.1;1.0
NP_416171.1;0.1743842
NP_416172.1;0.36504912
NP_416173.1;0.1743842
NP_416174.1;1.0
NP_416175.1;0.1743842
NP_416176.1;0.1743842
NP_416178.1;0.1743842
NP_416179.1;0.1743842
NP_416181.1;1.0
NP_416182.1;0.1967456
NP_416183.1;0.1743842
NP_416184.1;0.1743842
NP_416185.1;0.9907069
NP_416186.4;0.1743842
NP_416187.1;0.1743842
NP_416188.1;0.8647543
NP_416189.1;0.1743842
NP_416190.1;0.17450675
NP_416191.1;0.1743842
NP_416192.1;0.8292301
NP_416193.1;0.9986242
NP_416194.1;0.1743842
NP_416195.1;0.1743842
NP_416196.1;0.1743842
NP_416197.1;0.9614551
NP_416198.2;0.1743842
NP_416199.1;0.95622414
NP_416200.2;0.1743842
NP_416201.1;0.1743842
NP_416202.1;1.0
NP_416203.1;0.9998505
NP_416204.2;0.1743842
NP_416205.1;1.0
NP_416206.6;1.0
NP_416207.1;0.9932941
NP_416208.1;0.9873766
NP_416209.1;0.52096784
NP_416210.4;0.1743842
NP_416211.1;0.999959
NP_416212.1;0.8064246
NP_416213.1;0.1743842
NP_416214.1;0.1743842
NP_416215.1;0.18638986
NP_416216.5;0.5776627
NP_416217.1;0.1743842
NP_416218.1;0.1743842
NP_416219.1;0.1743842
NP_416220.1;0.1743842
NP_416221.1;0.1743842
NP_416222.1;0.20399356
NP_416223.1;0.1743842
NP_416224.1;0.5010276
NP_416225.1;0.1743842
NP_416226.1;1.0
NP_416227.1;0.1743842
NP_416228.1;0.1743842
NP_416229.1;0.1743842
NP_416230.1;0.1743842
NP_416231.1;0.1743842
NP_416232.3;0.1743842
NP_416233.1;0.1743842
NP_416234.1;0.1743842
NP_416236.1;1.0
NP_416237.3;0.1743842
NP_416238.1;0.1743842
NP_416239.1;0.1743842
NP_416240.1;0.1743842
NP_416241.1;0.1743842
NP_416242.6;0.9880886
NP_416243.1;1.0
NP_416244.2;0.96016204
NP_416245.2;0.20000657
NP_416247.1;0.1743842
NP_416248.1;0.1743842
NP_416249.1;0.94928837
NP_416250.1;0.8721908
NP_416251.1;1.0
NP_416252.1;0.6092273
NP_416253.1;0.1743842
NP_416254.1;0.1743842
NP_416255.1;0.1743842
NP_416256.2;0.9709475
NP_416257.1;0.1743842
NP_416258.1;0.1743842
NP_416259.1;0.1743842
NP_416260.1;0.497252
NP_416261.1;0.1743842
NP_416262.1;0.1743842
NP_416263.1;0.1743842
NP_416264.4;1.0
NP_416265.4;0.1743842
NP_416266.1;1.0
NP_416267.1;0.7729547
NP_416268.2;0.6241971
NP_416269.4;1.0
NP_416270.1;0.9999683
NP_416271.4;0.6504474
NP_416272.2;0.99999976
NP_416273.1;0.1743842
NP_416274.1;0.1743842
NP_416275.1;0.1743842
NP_416276.4;0.1743842
NP_416277.1;0.9999658
NP_416278.1;0.1743842
NP_416279.1;0.1743842
NP_416280.1;0.99184144
NP_416281.1;0.1743842
NP_416282.4;0.1743842
NP_416283.1;1.0
NP_416284.1;0.22585008
NP_416285.1;0.99997455
NP_416286.4;0.9973138
NP_416287.1;0.1743842
NP_416288.1;0.1743842
NP_416289.1;1.0
NP_416290.1;0.1743842
NP_416291.4;0.1743842
NP_416292.1;0.1743842
NP_416293.1;0.1743842
NP_416294.4;0.1743842
NP_416295.1;0.79861295
NP_416296.1;0.9404627
NP_416297.1;0.1743842
NP_416298.1;0.1743842
NP_416299.1;1.0
NP_416300.2;0.999837
NP_416301.1;0.1743842
NP_416302.2;0.3602724
NP_416303.1;0.1743842
NP_416304.1;0.99973035
NP_416305.1;1.0
NP_416306.2;0.1743842
NP_416307.1;0.1743842
NP_416308.4;0.1743842
NP_416309.1;0.9997288
NP_416310.1;0.1743842
NP_416311.1;0.1743842
NP_416312.1;0.9999467
NP_416313.4;0.98095256
NP_416314.1;0.1743842
NP_416315.1;1.0
NP_416316.1;0.1743842
NP_416317.1;0.1743842
NP_416318.1;0.19256082
NP_416319.1;0.1743842
NP_416320.1;0.97828925
NP_416321.1;0.1743842
NP_416322.1;0.1743842
NP_416323.4;0.1743842
NP_416324.2;0.18760696
NP_416325.1;0.1743842
NP_416326.1;0.8948933
NP_416327.1;0.1743842
NP_416328.1;0.1743842
NP_416329.4;0.9996878
NP_416330.1;0.99999905
NP_416331.1;0.99127394
NP_416332.1;0.9999783
NP_416333.4;0.9452082
NP_416334.1;0.1743842
NP_416335.4;0.99890804
NP_416336.1;0.5090862
NP_416337.1;0.46902883
NP_416338.1;0.3799873
NP_416339.1;0.1743842
NP_416340.1;0.1750856
NP_416341.1;0.1743842
NP_416342.4;1.0
NP_416343.1;0.1743842
NP_416344.1;0.9929287
NP_416346.4;0.78262126
NP_416347.1;0.8524568
NP_416348.2;0.1743842
NP_416349.2;0.1743842
NP_416350.4;0.1743842
NP_416351.2;0.1743842
NP_416352.4;0.1743842
NP_416353.1;0.1743842
NP_416354.1;0.99999976
NP_416355.1;0.8407127
NP_416356.1;0.1743842
NP_416357.1;0.17438722
NP_416358.1;0.32489318
NP_416359.1;0.1743842
NP_416360.1;0.99416006
NP_416361.2;0.26732606
NP_416362.1;0.1743842
NP_416363.1;0.1743842
NP_416364.1;0.1743842
NP_416365.1;0.1743842
NP_416366.1;0.6985713
NP_416367.1;0.1743842
NP_416368.1;0.7852612
NP_416369.1;0.1743842
NP_416370.2;0.1743842
NP_416371.4;0.9924935
NP_416372.1;0.19028851
NP_416373.1;1.0
NP_416374.1;0.1743842
NP_416375.1;0.1743842
NP_416376.2;0.7693259
NP_416377.1;0.1743842
NP_416378.1;0.1743842
NP_416379.1;0.1743842
NP_416380.1;0.1743842
NP_416381.2;0.1743842
NP_416382.1;0.1743842
NP_416383.4;0.1743842
NP_416384.1;0.1743842
NP_416385.1;0.1743842
NP_416386.4;0.9999869
NP_416387.1;0.1743842
NP_416389.4;0.1743842
NP_416390.1;0.1743842
NP_416391.4;0.1743842
NP_416392.1;0.1743842
NP_416393.1;1.0
NP_416394.1;0.99989885
NP_416395.1;0.22151306
NP_416396.1;0.21976045
NP_416397.1;0.1743842
NP_416398.1;0.19298896
NP_416399.1;0.9997757
NP_416400.1;1.0
NP_416401.1;0.24066186
NP_416402.1;0.1743842
NP_416403.1;0.1743842
NP_416404.1;0.999094
NP_416405.1;0.1743842
NP_416406.4;0.1743842
NP_416407.1;0.1743842
NP_416408.1;0.2791662
NP_416409.1;0.37553075
NP_416410.1;0.9392401
NP_416411.1;0.84534824
NP_416413.1;0.987216
NP_416414.1;0.9999972
NP_416415.1;0.1759024
NP_416416.2;0.1743842
NP_416417.1;0.1743842
NP_416418.1;0.1743842
NP_416419.1;0.7028479
NP_416420.1;1.0
NP_416421.1;0.1743842
NP_416422.1;0.99238276
NP_416423.4;0.1743842
NP_416424.1;0.1743842
NP_416425.1;0.1743842
NP_416426.1;0.96332157
NP_416427.1;1.0
NP_416428.1;0.1743842
NP_416429.4;0.1743842
NP_416430.1;0.8433494
NP_416431.2;0.1743842
NP_416432.3;0.1743842
NP_416433.1;0.99994445
NP_416434.1;0.999997
NP_416435.1;0.1743842
NP_416436.1;0.1743842
NP_416437.1;0.19350481
NP_416438.1;0.1743842
NP_416439.1;1.0
NP_416440.1;0.9979906
NP_416442.1;0.1743842
NP_416447.1;0.1743842
NP_416448.1;0.9996444
NP_416449.1;0.75522554
NP_416450.2;0.9714252
NP_416451.1;0.9999918
NP_416452.1;0.1743842
NP_416453.1;0.67221296
NP_416454.1;0.1743842
NP_416455.1;0.1743842
NP_416456.1;0.1743842
NP_416457.4;0.9595728
NP_416458.1;1.0
NP_416459.1;0.99889064
NP_416460.1;0.99994946
NP_416461.1;0.7587837
NP_416462.1;0.1743842
NP_416463.4;0.1743842
NP_416464.1;0.1743842
NP_416465.2;0.9557067
NP_416466.1;0.1743842
NP_416467.1;0.9999887
NP_416468.1;1.0
NP_416469.1;0.1743842
NP_416470.1;0.1743842
NP_416471.1;0.1743842
NP_416472.2;0.99901056
NP_416476.1;0.7618548
NP_416477.1;0.1743842
NP_416478.2;0.1782004
NP_416479.1;0.1743842
NP_416480.1;0.1743842
NP_416481.1;0.18851188
NP_416482.1;0.72704655
NP_416483.4;0.1743842
NP_416484.2;0.1743842
NP_416485.4;1.0
NP_416488.1;1.0
NP_416489.1;0.1743842
NP_416490.1;0.1743842
NP_416491.3;1.0
NP_416492.1;0.51118696
NP_416493.1;0.2503299
NP_416494.1;0.832149
NP_416495.1;0.35873747
NP_416496.1;0.9998441
NP_416497.1;0.1743842
NP_416498.1;0.45592305
NP_416500.1;0.1743842
NP_416505.2;0.9928595
NP_416506.1;0.1743842
NP_416507.1;0.1743842
NP_416508.1;0.1743842
NP_416509.1;0.1743842
NP_416511.4;0.1743842
NP_416512.1;1.0
NP_416513.1;0.18273872
NP_416514.4;0.1743842
NP_416515.1;0.22865131
NP_416516.1;0.24904808
NP_416517.1;0.9983614
NP_416518.2;1.0
NP_416519.4;0.1743842
NP_416520.1;0.19807467
NP_416521.2;0.1743842
NP_416522.1;0.1743842
NP_416523.1;0.1743842
NP_416524.1;0.6682409
NP_416525.1;0.1743842
NP_416526.4;0.1743842
NP_416527.1;0.67646885
NP_416528.2;0.1743842
NP_416529.1;0.1743842
NP_416530.1;0.1743842
NP_416531.4;0.9926304
NP_416532.1;0.1743842
NP_416533.1;0.1743842
NP_416535.1;0.2812567
NP_416536.1;0.9513864
NP_416537.1;0.1743842
NP_416538.1;0.5501406
NP_416539.1;1.0
NP_416540.1;0.97153234
NP_416541.1;0.9999981
NP_416542.1;0.1743842
NP_416543.1;0.9992838
NP_416544.1;0.97790164
NP_416545.1;0.1743842
NP_416546.1;0.1743842
NP_416547.1;0.1743842
NP_416548.1;0.1743842
NP_416549.1;0.1743842
NP_416550.1;1.0
NP_416551.1;1.0
NP_416552.1;0.18063843
NP_416553.1;0.1743842
NP_416554.1;0.1743842
NP_416555.2;0.6779179
NP_416556.1;0.1743842
NP_416557.1;0.1743842
NP_416558.1;0.1743842
NP_416559.1;0.1743842
NP_416560.1;1.0
NP_416561.1;0.9998821
NP_416562.1;0.1743842
NP_416563.1;0.6228602
NP_416564.4;0.63516307
NP_416565.1;0.1743842
NP_416566.1;1.0
NP_416567.4;0.9859146
NP_416568.1;0.99999976
NP_416569.1;0.1743842
NP_416570.2;0.1743842
NP_416571.1;1.0
NP_416572.1;0.3675828
NP_416573.4;0.87366617
NP_416574.1;0.9350971
NP_416575.1;0.87237436
NP_416576.1;0.17596215
NP_416577.1;0.91003186
NP_416578.2;0.9999984
NP_416579.1;1.0
NP_416580.1;1.0
NP_416581.1;1.0
NP_416582.1;0.46862736
NP_416583.1;0.1743842
NP_416584.4;0.32496676
NP_416585.1;0.1743842
NP_416586.1;0.1743842
NP_416589.2;0.30443418
NP_416590.1;0.1743842
NP_416592.2;0.1743842
NP_416593.1;0.1743842
NP_416594.1;0.1743842
NP_416596.1;0.7475439
NP_416597.1;0.8392657
NP_416598.1;0.1743842
NP_416599.2;0.1743842
NP_416600.4;0.99999964
NP_416601.1;1.0
NP_416602.1;0.7988068
NP_416603.1;0.7697875
NP_416604.1;0.43392703
NP_416605.2;0.99999666
NP_416606.1;0.5785627
NP_416607.1;0.1743842
NP_416608.1;0.1743842
NP_416609.1;0.9363438
NP_416610.4;0.75680894
NP_416611.1;0.99999225
NP_416612.1;0.9999995
NP_416613.1;0.6436454
NP_416614.1;0.9890125
NP_416615.1;0.99045205
NP_416616.4;0.1743842
NP_416617.1;0.9999937
NP_416621.1;0.9999888
NP_416623.2;0.1743842
NP_416624.1;0.1743842
NP_416625.1;0.18858531
NP_416627.2;0.1743842
NP_416628.1;0.7368252
NP_416629.4;0.1743842
NP_416630.1;1.0
NP_416631.1;0.2151283
NP_416632.1;0.99999934
NP_416633.1;0.9998679
NP_416634.1;1.0
NP_416635.1;0.9999994
NP_416636.1;1.0
NP_416637.1;0.1743842
NP_416638.4;0.9997752
NP_416639.2;0.9999767
NP_416640.2;0.1743842
NP_416641.1;0.1743842
NP_416645.1;0.1743842
NP_416646.1;0.9865585
NP_416647.1;0.99999815
NP_416648.1;0.1743842
NP_416649.1;0.1743842
NP_416650.1;0.9628794
NP_416651.1;0.5272898
NP_416652.4;0.1743842
NP_416653.1;1.0
NP_416654.1;0.99993056
NP_416655.1;0.99981475
NP_416656.1;0.1743842
NP_416657.1;0.9999968
NP_416658.1;0.1743842
NP_416659.1;0.1743842
NP_416660.1;0.9996983
NP_416661.1;1.0
NP_416662.1;0.1743842
NP_416663.1;0.9999924
NP_416664.1;0.1743842
NP_416665.1;0.75961816
NP_416666.1;0.9998846
NP_416667.1;0.17559409
NP_416668.3;0.1958583
NP_416669.1;0.9972303
NP_416670.1;0.996838
NP_416671.1;0.27048475
NP_416672.1;0.9999987
NP_416673.1;0.17440858
NP_416674.1;0.98886967
NP_416675.1;1.0
NP_416676.4;0.1743842
NP_416677.1;0.1743842
NP_416678.1;0.1743842
NP_416679.4;0.99917823
NP_416680.1;0.1743842
NP_416681.1;0.999884
NP_416682.4;1.0
NP_416683.1;1.0
NP_416684.1;1.0
NP_416685.1;0.99997824
NP_416686.1;0.9746732
NP_416687.1;1.0
NP_416688.1;0.1743842
NP_416689.1;0.4011889
NP_416690.1;0.1743842
NP_416691.1;0.1743842
NP_416692.1;0.1743842
NP_416693.1;1.0
NP_416696.1;0.2812567
NP_416697.1;0.1743842
NP_416698.1;0.19095746
NP_416699.1;0.635854
NP_416700.1;1.0
NP_416701.1;0.1743842
NP_416702.1;0.9580903
NP_416703.1;0.9985994
NP_416704.1;0.9815778
NP_416705.2;0.9701171
NP_416706.1;0.1743842
NP_416707.4;0.9738562
NP_416708.1;0.60910594
NP_416709.1;0.9815333
NP_416710.1;0.1743842
NP_416711.1;0.1743842
NP_416712.1;0.1743842
NP_416713.1;0.26578832
NP_416714.1;0.9999833
NP_416715.1;1.0
NP_416716.1;0.9999216
NP_416717.1;0.1743842
NP_416718.1;0.9766084
NP_416719.1;0.99998593
NP_416720.1;0.31543455
NP_416721.1;0.1743842
NP_416722.2;0.38396576
NP_416723.1;0.9999997
NP_416724.1;0.1743842
NP_416725.1;0.1743842
NP_416726.1;0.7837651
NP_416727.1;1.0
NP_416728.1;0.86753434
NP_416729.1;0.1743842
NP_416730.1;0.99552906
NP_416732.4;0.1743842
NP_416733.4;0.9999149
NP_416734.1;0.9999492
NP_416735.1;0.34248722
NP_416736.1;1.0
NP_416737.1;0.99694264
NP_416738.1;0.1743842
NP_416739.1;0.1743842
NP_416740.1;0.1743842
NP_416742.1;0.20226702
NP_416743.1;1.0
NP_416744.1;0.1743842
NP_416745.1;0.94138896
NP_416746.1;0.1743842
NP_416747.1;0.1743842
NP_416748.1;0.1743842
NP_416749.4;1.0
NP_416750.2;0.95089364
NP_416751.1;0.25452614
NP_416752.1;0.1743842
NP_416753.4;0.9197824
NP_416754.1;0.1743842
NP_416755.1;0.1743842
NP_416756.6;0.1743842
NP_416757.1;0.97506785
NP_416758.1;0.1743842
NP_416759.1;0.1743842
NP_416760.1;0.1743842
NP_416761.4;0.99851656
NP_416762.2;0.1743842
NP_416763.1;0.99999267
NP_416764.1;0.1743842
NP_416765.1;0.1743842
NP_416766.1;0.1743842
NP_416767.1;0.1743842
NP_416768.4;0.9998227
NP_416769.1;0.1743842
NP_416770.1;0.1743842
NP_416771.4;0.1743842
NP_416772.1;0.39342776
NP_416773.1;0.1743842
NP_416774.2;0.9854177
NP_416775.1;0.1743842
NP_416776.1;0.1743842
NP_416777.2;0.1743842
NP_416778.2;0.19159368
NP_416779.2;1.0
NP_416780.1;1.0
NP_416781.1;1.0
NP_416782.1;0.75781226
NP_416783.1;0.82135344
NP_416784.1;0.1743842
NP_416785.1;0.88738936
NP_416786.4;1.0
NP_416787.1;0.1743842
NP_416788.1;0.1743842
NP_416789.2;0.4520721
NP_416790.1;0.1743842
NP_416791.3;0.1743842
NP_416792.1;0.1743842
NP_416793.1;0.1743842
NP_416794.1;0.1743842
NP_416795.1;1.0
NP_416796.2;0.1743842
NP_416797.2;0.1743842
NP_416798.1;0.9741661
NP_416799.1;0.1743842
NP_416800.1;0.9802076
NP_416801.2;1.0
NP_416802.1;0.1743842
NP_416803.3;0.2527135
NP_416804.1;0.95882607
NP_416805.1;0.1743842
NP_416806.1;0.1743842
NP_416807.1;0.1743842
NP_416808.1;0.1743842
NP_416809.1;0.86687815
NP_416810.1;0.9758164
NP_416811.1;0.99995065
NP_416812.1;0.9952666
NP_416813.1;0.9996644
NP_416814.1;0.552007
NP_416815.1;0.1743842
NP_416816.1;0.98460174
NP_416817.2;0.1743842
NP_416818.1;0.1743842
NP_416819.1;0.1743842
NP_416820.1;0.7988354
NP_416821.1;0.1743842
NP_416822.1;0.9711019
NP_416823.1;0.1743842
NP_416824.1;0.1743842
NP_416825.1;0.9999997
NP_416826.1;0.9735534
NP_416827.4;0.1743842
NP_416828.1;0.63647753
NP_416829.1;0.1743842
NP_416830.1;1.0
NP_416831.1;0.1743842
NP_416832.1;0.1743842
NP_416833.4;0.1743842
NP_416834.1;0.1743842
NP_416835.2;0.84309566
NP_416836.1;0.1743842
NP_416837.1;0.1743842
NP_416838.1;0.32711947
NP_416839.1;0.5962165
NP_416841.1;0.9955295
NP_416842.1;0.1743842
NP_416843.1;0.9829832
NP_416844.1;0.1743842
NP_416845.2;0.57680726
NP_416846.2;1.0
NP_416847.1;0.1743842
NP_416848.1;0.99999964
NP_416849.1;0.99853694
NP_416850.1;0.1743842
NP_416851.1;0.7174195
NP_416852.1;0.1743842
NP_416853.1;1.0
NP_416855.1;0.1743842
NP_416858.1;0.1743842
NP_416860.4;0.46036962
NP_416861.1;0.1743842
NP_416862.2;0.1743842
NP_416863.1;0.38957822
NP_416864.1;0.1743842
NP_416865.1;0.1743842
NP_416866.1;1.0
NP_416867.1;0.9979383
NP_416868.1;1.0
NP_416869.1;0.99999917
NP_416870.1;0.94322664
NP_416871.1;1.0
NP_416872.4;0.1743842
NP_416873.1;0.9998168
NP_416874.1;0.1743842
NP_416875.1;0.1743842
NP_416876.1;0.19197008
NP_416877.1;0.8213382
NP_416878.1;0.99949646
NP_416879.4;0.1743842
NP_416880.1;0.1743842
NP_416881.1;0.9999937
NP_416882.1;0.1743842
NP_416883.1;0.1743842
NP_416884.1;0.99999976
NP_416885.1;0.1743842
NP_416886.1;0.1743842
NP_416887.1;1.0
NP_416888.1;0.1743842
NP_416889.1;0.1743842
NP_416890.1;1.0
NP_416891.1;0.1743842
NP_416893.1;0.9847145
NP_416894.1;1.0
NP_416895.2;0.1743842
NP_416896.4;1.0
NP_416897.2;0.1743842
NP_416898.3;0.1743842
NP_416899.1;0.1743842
NP_416900.1;0.1743842
NP_416901.1;1.0
NP_416902.1;0.1743842
NP_416903.1;0.9999895
NP_416904.1;0.1743842
NP_416905.1;1.0
NP_416906.1;0.1743842
NP_416907.1;0.1743842
NP_416908.1;0.9999783
NP_416909.1;0.9812201
NP_416910.1;0.93005204
NP_416911.1;0.1743842
NP_416912.1;0.1743842
NP_416913.1;0.9915906
NP_416914.1;0.19182575
NP_416915.1;0.1743842
NP_416916.1;0.17768744
NP_416917.1;0.99990404
NP_416919.1;1.0
NP_416920.1;0.9321789
NP_416921.4;0.1743842
NP_416922.1;0.22152013
NP_416923.1;0.1743842
NP_416924.1;1.0
NP_416925.2;1.0
NP_416926.4;0.87856877
NP_416927.1;0.35506648
NP_416928.4;0.6929586
NP_416929.4;0.1743842
NP_416930.1;0.1743842
NP_416931.1;0.1743842
NP_416932.1;0.1743842
NP_416933.4;0.1743842
NP_416934.1;0.9946625
NP_416935.1;0.42011937
NP_416936.4;0.1743842
NP_416937.2;0.92314124
NP_416938.1;0.1743842
NP_416939.1;0.19274598
NP_416940.2;0.1743842
NP_416941.1;0.1743842
NP_416942.1;0.1743842
NP_416943.2;0.1743842
NP_416944.1;0.1743842
NP_416945.2;0.1743842
NP_416946.1;0.2508201
NP_416947.1;0.9999828
NP_416948.4;0.28334484
NP_416949.1;0.99973524
NP_416950.1;0.54383093
NP_416951.1;0.8759781
NP_416952.2;0.64884186
NP_416953.1;0.1743842
NP_416954.1;0.1743842
NP_416955.1;0.7733098
NP_416956.1;0.1743842
NP_416957.4;0.1743842
NP_416958.1;0.1743842
NP_416959.1;0.1743842
NP_416960.1;0.99851376
NP_416961.1;0.1743842
NP_416962.1;0.1743842
NP_416963.1;0.43629563
NP_416964.1;0.9999288
NP_416965.1;1.0
NP_416966.1;0.1743842
NP_416967.1;0.1743842
NP_416968.2;0.1743842
NP_416969.1;0.1743842
NP_416970.1;0.1743842
NP_416971.1;0.1743842
NP_416972.4;0.99999106
NP_416973.1;0.1743842
NP_416974.4;0.1743842
NP_416975.1;0.1743842
NP_416976.4;0.93298066
NP_416977.1;1.0
NP_416978.4;0.99988747
NP_416979.1;0.9999988
NP_416980.1;1.0
NP_416981.1;1.0
NP_416982.1;0.9963002
NP_416983.1;0.1743842
NP_416984.1;0.1743842
NP_416985.4;0.56069434
NP_416986.4;0.1743842
NP_416987.1;0.9961615
NP_416988.1;1.0
NP_416989.1;0.78754306
NP_416990.1;0.1743842
NP_416991.2;0.1743842
NP_416992.1;1.0
NP_416993.2;0.1743842
NP_416994.1;0.1743842
NP_416995.1;0.1743842
NP_416996.1;0.1743842
NP_416997.1;0.1743842
NP_416998.1;1.0
NP_416999.1;0.1743842
NP_417000.1;0.1743842
NP_417001.1;0.1743842
NP_417002.1;0.1743842
NP_417003.1;0.1743842
NP_417004.1;0.1743842
NP_417005.2;0.28138196
NP_417006.2;0.1743842
NP_417007.1;0.1743842
NP_417008.1;0.1743842
NP_417009.1;0.1743842
NP_417010.1;0.1743842
NP_417011.1;0.1743842
NP_417012.1;0.1743842
NP_417013.1;0.1743842
NP_417014.1;0.96724176
NP_417015.1;0.9999997
NP_417016.4;0.1743842
NP_417017.4;0.9995957
NP_417018.4;0.1743842
NP_417019.1;0.1743842
NP_417020.1;0.1743842
NP_417021.1;0.91334456
NP_417022.1;0.1743842
NP_417023.1;0.1743842
NP_417024.1;0.1743842
NP_417026.1;0.1743842
NP_417027.1;0.19168895
NP_417028.1;0.1743842
NP_417029.4;0.9468267
NP_417030.2;0.9985117
NP_417031.1;0.9999994
NP_417032.1;0.1743842
NP_417033.1;0.1743842
NP_417034.1;0.1743842
NP_417035.1;0.1743842
NP_417036.1;0.1743842
NP_417037.1;0.9999968
NP_417038.4;0.18203732
NP_417039.1;0.1743842
NP_417040.2;0.1743842
NP_417041.1;0.9999987
NP_417042.1;0.1743842
NP_417043.1;0.1743842
NP_417044.4;0.1743842
NP_417045.4;0.1743842
NP_417046.1;0.1743842
NP_417047.1;0.1743842
NP_417048.1;0.31609264
NP_417049.1;0.43560576
NP_417050.1;0.9897757
NP_417051.2;0.99962425
NP_417053.2;0.1743842
NP_417054.2;0.1743842
NP_417055.4;0.1743842
NP_417056.2;0.1743842
NP_417057.1;0.1743842
NP_417058.1;0.1743842
NP_417059.1;0.1743842
NP_417060.1;0.1743842
NP_417061.1;0.1743842
NP_417062.1;0.1743842
NP_417063.1;0.99968576
NP_417064.1;0.1743842
NP_417065.1;0.9124873
NP_417066.1;0.99965537
NP_417067.1;0.1743842
NP_417068.1;0.1743842
NP_417069.1;0.6780387
NP_417070.2;0.1743842
NP_417071.1;0.1743842
NP_417072.4;0.1743842
NP_417073.1;0.9995303
NP_417074.1;0.1743842
NP_417075.1;0.1743842
NP_417076.1;0.1743842
NP_417077.1;0.1743842
NP_417078.4;0.96695685
NP_417079.1;0.8855883
NP_417080.4;0.1743842
NP_417081.2;0.29460722
NP_417082.1;0.999956
NP_417083.1;0.99784327
NP_417084.1;0.1743842
NP_417085.1;0.1743842
NP_417086.1;0.9927095
NP_417088.1;0.17438748
NP_417089.1;0.1743842
NP_417090.1;0.93862617
NP_417091.1;0.1743842
NP_417092.1;0.1743842
NP_417093.2;0.1743842
NP_417094.1;0.1743842
NP_417095.1;0.99774957
NP_417096.1;0.9685849
NP_417097.1;0.1743842
NP_417098.1;0.1743842
NP_417099.4;0.1743842
NP_417100.1;0.1743842
NP_417101.1;0.9843592
NP_417102.4;0.99999857
NP_417104.1;0.1743842
NP_417105.1;0.1743842
NP_417107.2;0.87276685
NP_417108.4;0.20389864
NP_417109.1;0.5840983
NP_417110.1;0.6451941
NP_417111.1;0.1743842
NP_417112.1;0.1743842
NP_417113.1;0.4769016
NP_417114.1;0.25385433
NP_417115.1;0.1743842
NP_417116.1;0.1743842
NP_417117.1;0.1743842
NP_417118.1;0.42636234
NP_417119.1;0.1743842
NP_417120.2;0.1743842
NP_417122.1;0.1743842
NP_417123.1;0.1743842
NP_417124.4;0.1743842
NP_417125.1;0.99986875
NP_417129.1;1.0
NP_417130.1;0.1743842
NP_417131.1;0.1743842
NP_417132.1;0.1743842
NP_417133.1;0.1743842
NP_417134.2;1.0
NP_417145.4;0.1743842
NP_417146.2;0.9988062
NP_417147.1;0.9999962
NP_417148.1;0.1743842
NP_417149.1;0.99999577
NP_417150.4;0.1743842
NP_417151.1;0.1743842
NP_417152.1;0.8941297
NP_417153.1;0.1743842
NP_417154.1;0.1743842
NP_417155.1;0.1743842
NP_417156.1;0.9935043
NP_417157.1;0.1743842
NP_417158.4;0.7352823
NP_417159.1;0.1743842
NP_417160.1;0.1743842
NP_417161.1;0.1743842
NP_417162.1;0.998961
NP_417163.1;0.8547119
NP_417164.1;0.99920213
NP_417165.1;0.9999975
NP_417167.1;1.0
NP_417168.1;0.64872
NP_417169.1;0.1743842
NP_417170.1;0.99998355
NP_417171.1;1.0
NP_417172.1;0.1743842
NP_417173.1;0.1743842
NP_417174.1;0.9987517
NP_417175.1;0.20368844
NP_417176.1;0.1743842
NP_417177.1;0.1743842
NP_417178.1;0.1743842
NP_417179.1;0.1743842
NP_417180.1;0.1743842
NP_417181.1;0.1743842
NP_417184.1;0.1743842
NP_417185.1;0.9976834
NP_417186.1;0.1743842
NP_417187.1;0.87360203
NP_417188.4;0.1743842
NP_417189.2;0.88666075
NP_417190.1;0.1743842
NP_417191.1;0.1743842
NP_417192.1;0.819322
NP_417193.1;0.1743842
NP_417194.2;0.1743842
NP_417196.1;0.7612859
NP_417197.1;0.6671443
NP_417198.1;0.18156183
NP_417199.1;0.1743842
NP_417200.1;0.1743842
NP_417201.1;0.7678179
NP_417202.1;0.75115335
NP_417203.1;1.0
NP_417204.1;0.1743842
NP_417205.1;0.1743842
NP_417206.1;0.1743842
NP_417207.1;0.1743842
NP_417208.1;0.1743842
NP_417209.1;0.1743842
NP_417210.2;0.1743842
NP_417211.1;0.9999989
NP_417212.1;0.1743842
NP_417213.1;0.1743842
NP_417214.1;0.1743842
NP_417215.2;0.1743842
NP_417216.1;0.9999983
NP_417217.1;0.1743842
NP_417218.1;0.1743842
NP_417219.1;0.1743842
NP_417220.1;1.0
NP_417221.1;0.1743842
NP_417222.1;0.99999696
NP_417223.1;0.1743842
NP_417224.1;0.1743842
NP_417225.1;0.1743842
NP_417226.1;0.62023747
NP_417227.1;0.1743842
NP_417228.1;0.1743842
NP_417229.1;0.985081
NP_417230.1;0.1743842
NP_417231.1;0.1743842
NP_417232.1;0.1743842
NP_417233.1;0.99998605
NP_417234.2;0.8172853
NP_417235.1;0.1743842
NP_417236.1;0.1743842
NP_417237.2;0.1743842
NP_417238.1;0.83482236
NP_417239.1;0.1743842
NP_417240.1;0.1743842
NP_417241.1;0.99999857
NP_417242.1;0.21496636
NP_417243.1;0.1743842
NP_417244.1;0.29818892
NP_417245.1;0.1743842
NP_417246.4;0.1743842
NP_417247.2;0.1743842
NP_417248.1;0.1743842
NP_417249.4;0.1743842
NP_417250.4;0.9999111
NP_417251.2;1.0
NP_417254.4;0.1743842
NP_417255.1;0.99999946
NP_417256.1;0.8247125
NP_417257.1;0.2531943
NP_417258.4;0.997085
NP_417259.1;0.1743842
NP_417260.1;0.1743842
NP_417261.1;0.1743842
NP_417262.1;0.34351182
NP_417263.1;0.1743842
NP_417264.1;0.1743842
NP_417265.1;0.99916935
NP_417266.1;0.9543142
NP_417267.1;0.1743842
NP_417268.1;0.1743842
NP_417269.1;1.0
NP_417270.1;0.38658175
NP_417271.1;0.1743842
NP_417272.1;0.1743842
NP_417273.1;0.1743842
NP_417274.1;0.1743842
NP_417275.1;0.9994848
NP_417276.1;0.9999727
NP_417277.1;0.1743842
NP_417278.4;0.1743842
NP_417279.2;0.1743842
NP_417280.1;0.2856897
NP_417281.1;1.0
NP_417282.1;0.1743842
NP_417283.2;0.6525874
NP_417284.1;0.1743842
NP_417285.1;0.1743842
NP_417286.1;0.1743842
NP_417287.1;1.0
NP_417288.1;0.99987966
NP_417289.2;0.1743842
NP_417290.1;0.49200386
NP_417291.1;0.89599025
NP_417292.1;0.1743842
NP_417293.1;0.7848239
NP_417294.4;0.1743842
NP_417295.1;0.1743842
NP_417296.1;0.1743842
NP_417297.1;0.999752
NP_417298.1;0.975968
NP_417299.1;0.701638
NP_417300.1;0.20660943
NP_417301.4;0.1743842
NP_417302.1;0.1743842
NP_417303.1;0.1743842
NP_417304.1;0.1743842
NP_417305.1;0.9998699
NP_417306.1;0.1743842
NP_417307.1;0.1743842
NP_417308.1;0.1743842
NP_417309.1;0.62599397
NP_417310.1;0.60598844
NP_417311.1;0.86161125
NP_417312.1;0.9905014
NP_417313.1;0.99998045
NP_417314.1;0.1743842
NP_417315.1;0.1743842
NP_417316.1;0.1743842
NP_417317.1;0.1743842
NP_417318.1;1.0
NP_417319.1;1.0
NP_417320.1;0.1743842
NP_417321.2;0.45211956
NP_417322.1;1.0
NP_417323.2;0.1743842
NP_417324.1;0.1743842
NP_417325.4;0.3152141
NP_417326.2;0.99291885
NP_417328.1;0.1743842
NP_417329.1;0.7128545
NP_417330.1;0.607538
NP_417337.1;0.1743842
NP_417338.3;0.17506346
NP_417341.4;0.17447037
NP_417342.1;0.9999987
NP_417343.1;0.1743842
NP_417344.1;0.1743842
NP_417345.1;0.99747646
NP_417347.1;0.1743842
NP_417348.1;0.41930023
NP_417349.4;0.1743842
NP_417350.1;0.78575706
NP_417351.1;0.98595864
NP_417352.2;0.1743842
NP_417353.1;0.1743842
NP_417354.1;0.9991676
NP_417355.4;0.1743842
NP_417356.1;0.1743842
NP_417357.1;0.45103937
NP_417358.2;1.0
NP_417359.1;0.1743842
NP_417362.4;0.50513625
NP_417363.2;0.2830128
NP_417364.2;1.0
NP_417365.1;0.1743842
NP_417366.1;0.1743842
NP_417367.1;0.1743842
NP_417368.1;0.1743842
NP_417369.1;0.9999998
NP_417370.1;0.1743842
NP_417371.1;0.74156946
NP_417372.1;0.8592019
NP_417373.1;0.1743842
NP_417374.1;0.1743842
NP_417375.1;0.99998134
NP_417376.1;0.1743842
NP_417377.1;0.95601964
NP_417378.1;0.1743842
NP_417379.1;0.1743842
NP_417380.1;0.1743842
NP_417381.1;0.1743842
NP_417382.1;0.1743842
NP_417383.1;0.979143
NP_417384.1;0.1743842
NP_417385.4;0.1743842
NP_417386.1;0.1743842
NP_417387.3;0.1743842
NP_417388.1;0.1743842
NP_417389.1;0.1743842
NP_417391.1;0.1743842
NP_417392.1;0.1743842
NP_417393.1;0.5545634
NP_417394.4;0.1743842
NP_417395.1;0.1743842
NP_417396.4;0.1743842
NP_417397.1;0.99990463
NP_417398.1;1.0
NP_417399.1;0.9999858
NP_417400.1;0.1743842
NP_417401.1;0.1743842
NP_417402.1;0.1743842
NP_417403.1;0.17445597
NP_417404.1;0.1743842
NP_417405.1;0.1743842
NP_417408.1;0.9999931
NP_417409.1;0.9331653
NP_417411.2;0.23243636
NP_417412.1;0.1743842
NP_417413.1;0.1743842
NP_417414.2;0.6798834
NP_417415.1;0.1743842
NP_417417.1;0.1743842
NP_417418.1;1.0
NP_417419.1;0.1743842
NP_417420.1;0.9786272
NP_417421.4;0.1743842
NP_417422.1;0.1743842
NP_417423.4;0.1743842
NP_417424.1;0.1743842
NP_417425.2;0.87155974
NP_417426.1;0.1743842
NP_417427.1;0.99979675
NP_417428.2;0.1743842
NP_417429.1;0.1743842
NP_417430.1;0.46454918
NP_417431.1;0.9871839
NP_417432.1;0.9997443
NP_417433.1;0.18091595
NP_417434.4;0.1743842
NP_417435.1;0.1743842
NP_417436.1;0.1743842
NP_417437.1;0.1743842
NP_417438.2;0.1743842
NP_417439.4;1.0
NP_417440.4;0.1743842
NP_417441.1;0.1743842
NP_417442.1;0.1743842
NP_417445.1;0.9679166
NP_417446.4;1.0
NP_417449.1;1.0
NP_417450.1;0.96754587
NP_417451.1;0.1743842
NP_417453.1;0.1743842
NP_417454.1;0.1743842
NP_417456.1;0.2812567
NP_417458.1;0.1743842
NP_417459.1;0.1743842
NP_417460.1;0.1743842
NP_417461.1;1.0
NP_417462.1;0.1743842
NP_417463.4;0.1743842
NP_417464.1;0.1743842
NP_417465.1;0.1743842
NP_417466.1;0.17534453
NP_417467.1;0.1743842
NP_417468.1;0.8737047
NP_417469.1;0.999964
NP_417470.1;0.9825969
NP_417471.1;0.1743842
NP_417472.1;0.9935098
NP_417474.1;0.1743842
NP_417475.1;0.1743842
NP_417476.1;0.1743842
NP_417478.1;0.88974327
NP_417479.1;0.9725108
NP_417481.1;0.98177224
NP_417482.1;1.0
NP_417483.2;0.1743842
NP_417484.1;0.1743842
NP_417485.4;0.1743842
NP_417487.1;0.53746444
NP_417489.1;0.9998263
NP_417490.1;0.1743842
NP_417491.1;0.9997505
NP_417492.1;0.99999976
NP_417493.1;0.1743842
NP_417494.1;0.1743842
NP_417496.1;0.5603477
NP_417497.1;0.18523866
NP_417498.1;0.1743842
NP_417499.1;0.1743842
NP_417500.1;0.1743842
NP_417501.1;0.1743842
NP_417502.1;0.1743842
NP_417503.1;0.1743842
NP_417504.1;0.1743842
NP_417505.1;0.1743842
NP_417506.1;0.1743842
NP_417507.2;1.0
NP_417509.3;0.1743842
NP_417510.1;0.3715883
NP_417511.3;0.1743842
NP_417512.1;1.0
NP_417513.1;0.1743842
NP_417514.4;0.1743842
NP_417515.1;0.96356976
NP_417516.3;0.17506346
NP_417517.1;0.1743842
NP_417519.4;0.9961827
NP_417520.1;0.93071175
NP_417521.1;0.1743842
NP_417522.1;0.5912698
NP_417523.1;0.18143922
NP_417524.1;0.1743842
NP_417525.1;0.94501066
NP_417526.1;0.1743842
NP_417527.1;0.99182945
NP_417528.1;0.1743842
NP_417529.1;0.9999873
NP_417530.2;0.1743842
NP_417531.1;0.19093272
NP_417532.1;0.8751463
NP_417533.1;0.1743842
NP_417534.1;0.1743842
NP_417535.1;1.0
NP_417536.1;0.1743842
NP_417537.1;0.1743842
NP_417538.1;0.1743842
NP_417539.1;0.1743842
NP_417540.1;0.43394673
NP_417541.1;0.1743842
NP_417542.1;0.1743842
NP_417543.1;0.9999992
NP_417544.5;0.98469937
NP_417545.1;0.1743842
NP_417546.1;0.1743842
NP_417548.1;0.1743842
NP_417550.1;0.99999046
NP_417551.1;1.0
NP_417552.1;0.1743842
NP_417553.1;0.1743842
NP_417554.1;0.1743842
NP_417555.4;0.1743842
NP_417556.2;0.1743842
NP_417557.1;0.62522125
NP_417558.2;0.29130423
NP_417560.1;0.9999998
NP_417561.1;0.2432563
NP_417562.1;0.1743842
NP_417563.1;0.1743842
NP_417564.2;0.9997965
NP_417565.2;0.519711
NP_417566.1;1.0
NP_417567.1;0.1743842
NP_417568.2;0.1743842
NP_417569.1;0.1743842
NP_417570.1;0.2418518
NP_417571.1;0.866855
NP_417572.2;0.99999833
NP_417573.1;0.27415156
NP_417574.1;0.95137775
NP_417575.1;0.1743842
NP_417576.1;0.9480027
NP_417577.1;0.1743842
NP_417578.2;0.1743842
NP_417583.4;0.1743842
NP_417585.2;0.1743842
NP_417586.1;1.0
NP_417587.1;0.1743842
NP_417588.1;0.99999684
NP_417589.4;0.60163105
NP_417590.2;0.31078854
NP_417591.1;0.1743842
NP_417593.4;0.99552447
NP_417594.3;0.9755925
NP_417595.1;0.1743842
NP_417596.1;1.0
NP_417597.1;0.1743842
NP_417598.1;0.29972333
NP_417599.1;0.1743842
NP_417600.1;0.1743842
NP_417601.1;0.17441946
NP_417602.4;0.1743842
NP_417605.1;0.7573633
NP_417606.1;0.1743842
NP_417607.1;0.7039962
NP_417608.1;1.0
NP_417609.1;0.9964253
NP_417610.1;0.8036376
NP_417611.1;0.1743842
NP_417612.1;0.1743842
NP_417613.1;1.0
NP_417614.1;0.9777596
NP_417615.1;0.46659705
NP_417616.1;0.99999785
NP_417617.1;0.1743842
NP_417618.1;0.24028826
NP_417619.1;0.9481249
NP_417620.1;0.9981776
NP_417621.2;0.1743842
NP_417622.2;0.2551667
NP_417623.1;0.1743842
NP_417624.1;0.1743842
NP_417625.1;0.1743842
NP_417626.1;0.9877554
NP_417627.1;0.1743842
NP_417628.2;0.1743842
NP_417629.1;0.1743842
NP_417630.1;1.0
NP_417631.2;0.1743842
NP_417632.1;0.1743842
NP_417633.4;0.1743842
NP_417634.1;0.1743842
NP_417635.1;0.1743842
NP_417636.1;0.1743842
NP_417637.1;0.1743842
NP_417638.1;0.1743842
NP_417639.6;0.1743842
NP_417640.1;0.1743842
NP_417641.4;0.9992156
NP_417642.1;0.99981374
NP_417643.1;0.1743842
NP_417644.4;0.7535026
NP_417645.1;0.25429887
NP_417646.1;0.1743842
NP_417647.1;0.1743842
NP_417648.4;0.1743842
NP_417649.1;0.9554268
NP_417650.1;0.1743842
NP_417651.1;0.9999995
NP_417652.1;0.1743842
NP_417653.1;0.1743842
NP_417654.1;0.1743842
NP_417655.1;0.1743842
NP_417656.1;0.9857857
NP_417657.2;0.1743842
NP_417658.4;0.1743842
NP_417659.1;0.1743842
NP_417660.1;0.88216877
NP_417661.1;0.99993753
NP_417662.1;0.5510679
NP_417663.1;0.9999997
NP_417664.1;0.1743842
NP_417665.1;0.43789822
NP_417666.1;0.61943173
NP_417667.1;0.9869938
NP_417668.1;0.99235296
NP_417669.1;0.1743842
NP_417670.1;0.1743842
NP_417671.1;0.84665203
NP_417672.1;0.1743842
NP_417673.1;0.9242025
NP_417674.1;0.1743842
NP_417675.1;0.1743842
NP_417676.2;0.1743842
NP_417678.1;0.1743842
NP_417679.2;0.99878013
NP_417680.1;0.1743842
NP_417681.1;0.90576005
NP_417682.1;0.98920673
NP_417683.1;0.99999785
NP_417685.1;0.2812567
NP_417686.1;0.99973774
NP_417687.1;0.1743842
NP_417688.1;0.1743842
NP_417689.4;0.39648542
NP_417690.1;0.1743842
NP_417691.4;1.0
NP_417692.1;0.1743842
NP_417693.3;0.1743842
NP_417694.1;1.0
NP_417695.1;0.1743842
NP_417696.1;0.1743842
NP_417697.1;0.1743842
NP_417698.1;0.1743842
NP_417699.1;0.9849727
NP_417700.2;0.1743842
NP_417701.1;0.999657
NP_417702.1;0.1743842
NP_417703.1;0.1743842
NP_417704.1;0.1743842
NP_417705.2;0.8684586
NP_417706.1;0.1743842
NP_417707.1;0.99999094
NP_417708.1;0.9276712
NP_417709.2;0.1743842
NP_417710.1;0.7699362
NP_417711.1;0.9994501
NP_417713.2;0.1743842
NP_417714.1;0.1743842
NP_417715.1;0.9998648
NP_417716.1;0.8820182
NP_417717.2;0.1743842
NP_417718.1;0.7750809
NP_417719.1;0.9512085
NP_417721.1;0.1743842
NP_417722.1;0.1743842
NP_417723.1;0.8024469
NP_417724.4;1.0
NP_417725.1;0.1743842
NP_417726.1;0.1743842
NP_417727.1;0.1743842
NP_417728.4;0.24038237
NP_417729.1;0.98105574
NP_417730.1;0.9999969
NP_417731.1;0.99018097
NP_417732.1;1.0
NP_417733.1;0.27996117
NP_417736.2;1.0
NP_417737.1;0.1743842
NP_417738.4;0.1743842
NP_417739.1;0.1743842
NP_417740.1;0.1743842
NP_417741.1;0.1743842
NP_417743.1;0.1743842
NP_417745.1;0.1743842
NP_417746.1;0.1743842
NP_417747.1;0.1743842
NP_417748.1;0.21034652
NP_417749.1;0.926281
NP_417751.1;0.1743842
NP_417752.1;0.1743842
NP_417753.1;0.1743842
NP_417754.1;0.1743842
NP_417755.1;0.1743842
NP_417756.1;0.1743842
NP_417757.1;0.1743842
NP_417758.1;0.1743842
NP_417759.1;0.99991095
NP_417760.1;0.1743842
NP_417761.1;0.18807596
NP_417762.1;0.1743842
NP_417763.1;0.1743842
NP_417764.1;0.1743842
NP_417765.1;0.1743842
NP_417766.1;0.1743842
NP_417767.1;0.1743842
NP_417768.1;0.1743842
NP_417769.1;0.1743842
NP_417770.1;0.1743842
NP_417771.1;0.1743842
NP_417772.1;0.1743842
NP_417773.1;0.1743842
NP_417774.1;0.1743842
NP_417775.1;0.1743842
NP_417776.1;0.1743842
NP_417777.1;0.1743842
NP_417778.1;0.1743842
NP_417779.1;0.1743842
NP_417780.1;0.1743842
NP_417781.1;0.1743842
NP_417782.1;0.1743842
NP_417783.1;0.1743842
NP_417784.4;1.0
NP_417785.1;0.7914754
NP_417786.1;1.0
NP_417787.1;0.70574963
NP_417788.1;0.20739684
NP_417789.4;0.1743842
NP_417790.1;0.5185452
NP_417791.1;0.1743842
NP_417792.2;0.39232364
NP_417793.2;0.1743842
NP_417794.1;0.999998
NP_417795.1;0.1743842
NP_417796.1;0.1743842
NP_417797.1;0.99999845
NP_417798.1;0.1743842
NP_417799.1;0.1743842
NP_417800.1;0.1743842
NP_417801.1;0.1743842
NP_417802.1;0.23970804
NP_417803.1;0.1743842
NP_417804.1;0.1743842
NP_417805.4;0.1743842
NP_417806.1;0.8883662
NP_417807.1;0.1743842
NP_417808.1;0.1743842
NP_417809.1;1.0
NP_417810.1;0.1743842
NP_417811.1;0.84766936
NP_417812.1;0.1743842
NP_417813.1;0.1743842
NP_417814.1;0.1743842
NP_417815.1;0.1743842
NP_417816.1;0.1743842
NP_417817.2;0.9999925
NP_417818.1;0.9999316
NP_417819.1;0.1743842
NP_417820.1;0.1743842
NP_417821.1;0.2789629
NP_417822.1;0.1743842
NP_417823.1;1.0
NP_417824.1;0.1743842
NP_417825.1;0.8805641
NP_417827.1;0.1743857
NP_417828.1;0.96067643
NP_417829.2;1.0
NP_417830.4;0.1743842
NP_417833.1;0.1743842
NP_417834.6;0.1743842
NP_417835.1;0.1743842
NP_417836.1;1.0
NP_417837.2;0.1743842
NP_417838.1;0.1743842
NP_417839.1;0.704914
NP_417840.1;0.1743842
NP_417841.2;0.1743842
NP_417843.1;0.1743842
NP_417844.1;0.9996954
NP_417845.1;0.1743842
NP_417846.1;0.9916853
NP_417847.1;0.1743842
NP_417848.1;0.1743842
NP_417850.1;0.99999857
NP_417851.4;0.1743842
NP_417852.1;0.1743842
NP_417853.1;0.94571644
NP_417854.4;0.1743842
NP_417855.4;1.0
NP_417856.1;0.31273258
NP_417857.1;0.9815334
NP_417858.4;0.1743842
NP_417859.1;0.1743842
NP_417860.2;0.1743842
NP_417861.1;1.0
NP_417862.1;0.1743842
NP_417863.1;0.99798995
NP_417864.1;0.1743842
NP_417866.4;0.9340533
NP_417867.1;0.1743842
NP_417868.1;1.0
NP_417869.1;0.1743842
NP_417870.1;0.4463125
NP_417871.1;0.1743842
NP_417872.2;0.1743842
NP_417873.1;0.1743842
NP_417875.1;0.99999964
NP_417877.1;0.1743842
NP_417879.1;0.1743842
NP_417880.1;0.1743842
NP_417883.1;0.1743842
NP_417884.1;0.38008296
NP_417886.1;0.7162888
NP_417887.1;0.17446601
NP_417888.1;0.1743842
NP_417889.1;0.1743842
NP_417890.1;0.4241337
NP_417891.1;0.7501838
NP_417892.1;0.99995923
NP_417894.2;0.1743842
NP_417896.1;0.1743842
NP_417897.1;0.1743842
NP_417898.1;0.1743842
NP_417899.1;0.1743842
NP_417901.1;0.2791662
NP_417902.1;0.1743842
NP_417903.1;0.5060371
NP_417904.1;0.99999946
NP_417905.1;0.9090316
NP_417906.1;0.47365505
NP_417907.2;0.99997294
NP_417908.1;1.0
NP_417909.1;1.0
NP_417910.1;0.1743842
NP_417911.4;0.9985459
NP_417912.1;0.99983525
NP_417913.1;1.0
NP_417914.1;0.99999964
NP_417915.1;0.9927089
NP_417916.1;0.94615304
NP_417918.1;0.1743842
NP_417919.1;0.9999889
NP_417920.1;0.9999542
NP_417921.1;0.1743842
NP_417922.1;0.1743842
NP_417923.1;0.99497986
NP_417924.1;0.5669886
NP_417925.1;1.0
NP_417926.1;0.99006116
NP_417927.1;0.1743842
NP_417928.1;0.9998607
NP_417929.4;0.1743842
NP_417930.2;0.9998541
NP_417931.4;1.0
NP_417932.1;0.1743842
NP_417933.1;1.0
NP_417934.1;0.99054873
NP_417935.1;0.999973
NP_417936.1;0.95364445
NP_417937.1;0.1743842
NP_417938.1;0.1743842
NP_417940.2;0.1743842
NP_417941.1;0.1743842
NP_417942.6;0.99999714
NP_417944.1;0.9608208
NP_417945.1;0.8899731
NP_417948.4;0.99649
NP_417949.1;0.5454124
NP_417950.1;1.0
NP_417951.1;0.1743842
NP_417952.1;0.1743842
NP_417953.1;1.0
NP_417954.1;0.1743842
NP_417955.1;0.98946714
NP_417956.1;0.92412543
NP_417957.1;0.1743842
NP_417958.1;0.1743842
NP_417959.4;1.0
NP_417960.1;0.1743842
NP_417962.1;0.2812567
NP_417963.4;0.98305714
NP_417964.1;0.1743842
NP_417965.1;0.999992
NP_417966.4;0.3610495
NP_417967.1;0.1743842
NP_417968.1;0.6386738
NP_417969.1;0.1743842
NP_417970.1;1.0
NP_417971.1;1.0
NP_417972.1;0.1743842
NP_417973.1;0.1743842
NP_417974.1;0.1743842
NP_417975.1;0.26363403
NP_417976.1;0.1743842
NP_417977.1;0.1743842
NP_417978.2;0.99504155
NP_417979.1;0.9999342
NP_417980.1;1.0
NP_417981.2;1.0
NP_417982.2;0.1743842
NP_417983.2;0.1743842
NP_417984.1;1.0
NP_417985.1;1.0
NP_417986.4;0.56208646
NP_417988.1;0.1743842
NP_417989.1;1.0
NP_417990.4;1.0
NP_417992.1;0.60695016
NP_417993.1;0.9501115
NP_417994.2;0.1743842
NP_417995.1;0.9999987
NP_417996.1;1.0
NP_417997.1;0.1743842
NP_417998.1;0.1743842
NP_417999.1;1.0
NP_418000.1;1.0
NP_418001.1;0.1743842
NP_418002.2;1.0
NP_418003.1;1.0
NP_418004.4;0.1743842
NP_418005.1;0.20824462
NP_418006.1;0.22144026
NP_418007.3;0.9999976
NP_418009.2;0.1743842
NP_418010.2;0.9951825
NP_418011.1;0.1743842
NP_418012.1;0.1743842
NP_418014.1;0.1743842
NP_418015.1;0.1743842
NP_418016.1;0.1743842
NP_418017.1;0.1743842
NP_418018.1;0.9681857
NP_418019.4;0.9564663
NP_418020.2;0.8979621
NP_418021.1;0.9998146
NP_418022.1;0.1743842
NP_418023.1;0.9889605
NP_418024.1;0.99999917
NP_418025.1;0.9999908
NP_418026.1;0.1743842
NP_418028.1;0.5443293
NP_418030.1;0.1743842
NP_418031.1;0.1743842
NP_418032.1;0.1743842
NP_418033.1;0.1743842
NP_418034.1;0.82158506
NP_418036.1;0.9999646
NP_418037.1;0.8526484
NP_418038.1;0.673742
NP_418039.2;0.1743842
NP_418040.1;0.1743842
NP_418041.1;0.6974981
NP_418042.1;0.1743842
NP_418043.1;0.1743842
NP_418044.1;0.6676065
NP_418045.4;0.1743842
NP_418047.1;0.1743842
NP_418048.1;0.95376456
NP_418049.1;0.1743842
NP_418050.1;0.54723364
NP_418051.1;0.1743842
NP_418053.1;0.1743842
NP_418054.1;0.1743842
NP_418055.1;0.7356467
NP_418056.1;0.99534094
NP_418057.1;0.1743842
NP_418058.1;0.8445424
NP_418059.1;0.1743842
NP_418060.1;1.0
NP_418061.1;0.1743842
NP_418062.1;0.1743842
NP_418063.1;0.1743842
NP_418064.1;0.1743842
NP_418065.1;0.1743842
NP_418066.1;0.1743842
NP_418067.1;0.40331572
NP_418068.1;0.19641402
NP_418069.1;0.1743842
NP_418070.6;0.4937613
NP_418071.4;0.23647282
NP_418072.1;0.9909391
NP_418073.1;0.1743842
NP_418074.1;0.1743842
NP_418075.2;0.3580588
NP_418076.1;0.1743842
NP_418077.1;0.1743842
NP_418078.1;0.352986
NP_418079.1;1.0
NP_418080.1;0.1743842
NP_418081.1;0.1743842
NP_418082.1;0.1743842
NP_418083.1;0.1743842
NP_418084.1;0.9312357
NP_418085.2;0.1743842
NP_418086.1;0.96508443
NP_418087.1;0.1743842
NP_418088.1;0.1743842
NP_418089.1;0.1743842
NP_418090.1;0.9996693
NP_418091.1;0.32622352
NP_418092.1;0.1743842
NP_418093.1;0.1743842
NP_418094.1;0.1743842
NP_418095.4;0.1743842
NP_418096.4;0.1743842
NP_418097.1;0.1743842
NP_418098.4;0.1743842
NP_418099.1;0.1743842
NP_418101.1;0.1743842
NP_418102.2;0.1743842
NP_418103.4;0.1743842
NP_418104.2;0.1743842
NP_418105.1;0.1743842
NP_418106.1;0.1743842
NP_418107.1;0.1743842
NP_418108.1;0.1743842
NP_418109.1;0.1743842
NP_418110.1;1.0
NP_418111.1;1.0
NP_418112.1;0.1743842
NP_418113.1;0.1743842
NP_418114.4;1.0
NP_418115.1;1.0
NP_418116.1;1.0
NP_418117.1;0.1743842
NP_418118.2;1.0
NP_418119.2;0.1743842
NP_418120.2;0.9999997
NP_418121.1;0.1743842
NP_418122.1;1.0
NP_418123.2;1.0
NP_418124.4;1.0
NP_418125.1;0.9063406
NP_418126.1;0.1743842
NP_418127.1;0.1743842
NP_418128.1;0.19785056
NP_418129.2;1.0
NP_418130.1;0.1743842
NP_418131.1;0.1743842
NP_418132.1;0.1743842
NP_418133.1;0.99999344
NP_418134.1;0.1743842
NP_418135.1;1.0
NP_418136.2;0.1743842
NP_418139.1;0.9985949
NP_418140.4;1.0
NP_418141.2;0.1743842
NP_418142.1;0.1743842
NP_418143.2;0.24592605
NP_418144.3;0.1743842
NP_418145.2;0.6152637
NP_418146.4;1.0
NP_418148.1;0.1743842
NP_418152.1;0.74654007
NP_418153.4;0.9921585
NP_418155.1;0.1743842
NP_418156.1;0.1743842
NP_418157.1;0.1743842
NP_418158.1;0.1743842
NP_418159.1;0.1743842
NP_418161.1;0.1743842
NP_418162.1;0.1743842
NP_418163.1;0.1743842
NP_418164.4;0.1743842
NP_418165.1;1.0
NP_418166.1;1.0
NP_418167.1;0.1743842
NP_418168.2;0.1743842
NP_418169.1;0.3048644
NP_418170.1;1.0
NP_418171.1;0.27379698
NP_418172.1;0.99804246
NP_418173.1;0.1743842
NP_418175.3;0.37691772
NP_418176.1;1.0
NP_418177.1;0.9983401
NP_418178.1;1.0
NP_418179.1;0.94900036
NP_418180.1;0.1743842
NP_418181.1;0.9752046
NP_418182.1;0.93301415
NP_418183.1;0.9998963
NP_418184.1;1.0
NP_418185.1;0.8583411
NP_418186.1;0.1743842
NP_418187.1;0.1743842
NP_418188.1;0.99983156
NP_418189.1;0.9887098
NP_418190.1;0.9999926
NP_418191.1;0.1743842
NP_418192.1;0.1743842
NP_418193.1;0.99999934
NP_418194.1;0.99999875
NP_418195.2;0.8416965
NP_418196.1;0.1743842
NP_418197.1;0.1743842
NP_418198.1;0.1743842
NP_418199.1;0.26524508
NP_418200.1;0.37442094
NP_418202.4;0.72780764
NP_418204.2;0.93913555
NP_418205.1;1.0
NP_418206.1;0.96627957
NP_418207.1;0.99999803
NP_418208.1;0.1743842
NP_418209.1;0.1743842
NP_418210.1;1.0
NP_418213.1;0.1743842
NP_418214.2;0.1974203
NP_418215.1;0.1743842
NP_418217.1;0.1743842
NP_418220.1;0.33567694
NP_418221.1;0.1743842
NP_418222.1;0.1743842
NP_418223.1;0.1743842
NP_418227.1;0.1743842
NP_418228.2;0.1743842
NP_418230.1;0.7126424
NP_418231.1;0.88397145
NP_418232.2;0.2196995
NP_418236.1;0.865547
NP_418238.1;0.8635715
NP_418239.1;1.0
NP_418241.1;1.0
NP_418242.1;0.1743842
NP_418245.1;0.99986196
NP_418246.1;0.9461019
NP_418247.1;0.1743842
NP_418248.1;0.31868774
NP_418250.1;0.99996746
NP_418251.1;0.1743842
NP_418254.2;0.1743842
NP_418255.1;0.1743842
NP_418256.1;0.1743842
NP_418257.1;0.1743842
NP_418258.1;0.99999976
NP_418260.1;0.9997095
NP_418261.1;0.82283497
NP_418262.2;0.1743842
NP_418264.4;0.1743842
NP_418265.1;0.98720163
NP_418271.1;1.0
NP_418272.1;0.9955375
NP_418273.1;0.99994755
NP_418275.1;0.9913211
NP_418276.1;0.1743842
NP_418278.1;0.92084867
NP_418279.1;0.1743842
NP_418280.4;0.8201599
NP_418282.1;0.999951
NP_418284.1;0.1743842
NP_418285.1;0.1743842
NP_418286.1;0.1743842
NP_418288.1;0.1743842
NP_418289.1;0.1743842
NP_418290.4;0.1743842
NP_418292.1;0.1743842
NP_418293.2;0.1743842
NP_418294.1;0.1743842
NP_418295.1;0.1743842
NP_418296.1;0.99999297
NP_418297.1;0.1743842
NP_418298.4;0.1743842
NP_418299.1;0.1743842
NP_418300.1;0.6717515
NP_418301.3;0.1743842
NP_418302.1;0.1743842
NP_418303.2;0.1743842
NP_418304.1;0.1743842
NP_418305.1;0.1743842
NP_418306.1;0.1743842
NP_418308.1;0.1743842
NP_418309.1;0.1743842
NP_418310.1;1.0
NP_418311.1;0.76520455
NP_418313.4;1.0
NP_418314.1;1.0
NP_418315.3;0.48222315
NP_418316.4;0.29210272
NP_418317.1;0.59126997
NP_418318.1;0.1743842
NP_418319.2;0.1743842
NP_418320.2;0.1743842
NP_418321.4;0.1743842
NP_418322.1;0.99807334
NP_418323.1;0.1743842
NP_418324.1;0.1743842
NP_418325.4;0.1743842
NP_418326.2;0.1743842
NP_418327.1;0.1743842
NP_418328.1;0.2815826
NP_418329.1;0.1743842
NP_418330.1;1.0
NP_418331.1;0.1743842
NP_418332.1;0.75443435
NP_418333.1;0.21116027
NP_418334.1;0.1743842
NP_418335.4;1.0
NP_418336.1;0.1743842
NP_418337.1;0.1743842
NP_418338.1;0.1743842
NP_418340.1;0.18743464
NP_418341.1;0.1743842
NP_418342.2;0.28893065
NP_418343.1;0.9999994
NP_418344.3;0.9905077
NP_418345.2;0.99999523
NP_418346.2;0.1743842
NP_418347.1;0.1743842
NP_418348.1;0.1743842
NP_418350.1;0.99129814
NP_418351.1;0.2938566
NP_418352.1;0.7036672
NP_418353.1;0.1743842
NP_418354.1;0.1743842
NP_418355.1;0.99937177
NP_418356.1;0.42052522
NP_418357.1;0.5986496
NP_418358.1;0.1743842
NP_418359.1;0.1849497
NP_418360.1;0.1743842
NP_418361.1;0.1743842
NP_418362.1;0.99980205
NP_418363.1;0.1743842
NP_418364.1;0.1743842
NP_418365.1;0.1743842
NP_418366.1;0.1743842
NP_418367.1;0.1743842
NP_418368.1;0.1743842
NP_418369.1;0.1743842
NP_418370.1;0.1743842
NP_418371.1;0.1743842
NP_418372.1;0.74102116
NP_418373.1;0.1743842
NP_418374.1;0.1743842
NP_418375.1;1.0
NP_418376.1;0.1743842
NP_418377.1;0.9999351
NP_418378.4;1.0
NP_418379.1;0.49880704
NP_418380.4;0.1743842
NP_418381.1;0.1743842
NP_418384.1;0.9866296
NP_418385.1;0.3166245
NP_418386.1;1.0
NP_418387.3;0.19899878
NP_418388.1;0.4290455
NP_418389.1;0.99932635
NP_418390.1;0.9999907
NP_418391.1;0.1743842
NP_418392.1;0.1743842
NP_418393.1;0.1743842
NP_418394.3;0.1743842
NP_418395.1;0.1743842
NP_418396.1;0.99297863
NP_418397.2;0.1743842
NP_418398.3;0.23317304
NP_418399.1;0.17439854
NP_418400.1;0.1743842
NP_418401.1;1.0
NP_418402.2;0.1743842
NP_418403.1;0.1743842
NP_418404.1;0.1743842
NP_418405.1;0.1743842
NP_418407.1;0.1743842
NP_418408.1;0.8153077
NP_418409.1;0.1743842
NP_418410.1;0.1743842
NP_418411.1;0.1743842
NP_418412.1;0.1743842
NP_418413.1;0.1743842
NP_418414.1;0.1743842
NP_418415.1;0.1743842
NP_418416.1;0.1743842
NP_418417.1;0.1743842
NP_418418.2;0.1743842
NP_418420.4;0.1743842
NP_418421.1;0.1743842
NP_418422.1;0.1743842
NP_418423.1;0.1743842
NP_418425.1;0.1743842
NP_418426.2;0.1743842
NP_418427.1;0.1743842
NP_418428.1;0.1743842
NP_418429.1;0.9818245
NP_418430.2;0.9943272
NP_418431.1;0.9007335
NP_418432.1;0.1743842
NP_418433.1;0.2029995
NP_418434.1;0.3873802
NP_418435.1;0.1743842
NP_418436.1;0.1743842
NP_418437.1;0.1743842
NP_418438.1;0.1743842
NP_418439.1;0.9681785
NP_418440.1;0.1743842
NP_418441.1;0.1743842
NP_418442.2;0.1743842
NP_418443.1;0.40967682
NP_418444.1;0.99999976
NP_418445.1;0.6064313
NP_418446.1;0.1743842
NP_418447.1;0.1743842
NP_418448.1;0.9999948
NP_418449.1;0.1743842
NP_418450.1;0.80057883
NP_418451.4;0.1743842
NP_418452.1;0.1814659
NP_418453.1;1.0
NP_418454.1;0.1743842
NP_418455.1;1.0
NP_418456.1;0.99999964
NP_418457.1;1.0
NP_418458.1;0.9999994
NP_418459.1;0.9992181
NP_418460.1;0.9999899
NP_418461.1;0.1743842
NP_418463.4;0.1743842
NP_418464.1;0.9508681
NP_418465.4;0.1743842
NP_418466.1;0.1743842
NP_418467.1;0.1743842
NP_418468.3;1.0
NP_418469.1;0.1743842
NP_418470.4;0.1743842
NP_418471.1;0.1743842
NP_418472.1;0.1743842
NP_418473.3;0.1743842
NP_418474.4;0.999974
NP_418475.1;0.29060817
NP_418476.1;0.1743842
NP_418477.1;0.1743842
NP_418478.1;0.1743842
NP_418479.1;0.622345
NP_418480.1;0.1743842
NP_418481.1;0.1743842
NP_418482.1;0.1743842
NP_418483.1;0.1743842
NP_418484.4;0.9417126
NP_418485.1;0.990861
NP_418486.1;0.1743842
NP_418487.1;0.1743842
NP_418488.1;1.0
NP_418489.1;1.0
NP_418490.1;0.1743842
NP_418491.1;1.0
NP_418492.1;0.47815207
NP_418493.1;0.1743842
NP_418494.1;0.1743842
NP_418495.2;0.1743842
NP_418496.1;0.1743842
NP_418497.1;1.0
NP_418498.1;1.0
NP_418499.1;0.377143
NP_418500.1;0.5198991
NP_418501.1;1.0
NP_418502.1;0.9555929
NP_418503.1;0.1743842
NP_418504.1;1.0
NP_418505.2;1.0
NP_418506.1;0.98929536
NP_418507.2;0.1743842
NP_418508.1;0.1743842
NP_418509.1;0.1743842
NP_418510.1;1.0
NP_418511.1;0.9999987
NP_418512.1;0.9997592
NP_418513.4;0.1743842
NP_418514.1;0.563947
NP_418516.1;0.1743842
NP_418517.1;0.9229365
NP_418518.1;0.1743842
NP_418519.1;0.7097894
NP_418520.1;0.375305
NP_418522.1;0.1743842
NP_418523.1;0.1743842
NP_418524.1;0.1743842
NP_418525.1;0.1743842
NP_418526.1;0.5384315
NP_418529.1;0.999951
NP_418530.1;0.9995153
NP_418531.1;0.1743842
NP_418532.1;0.1743842
NP_418533.1;0.1743842
NP_418534.4;0.9738259
NP_418535.1;1.0
NP_418536.1;0.1743842
NP_418537.1;0.1743842
NP_418538.2;0.999967
NP_418539.1;1.0
NP_418540.1;0.1743842
NP_418541.2;0.1743842
NP_418542.1;0.1743842
NP_418543.1;0.30854556
NP_418544.2;1.0
NP_418545.1;0.3646476
NP_418546.1;0.9587786
NP_418547.1;1.0
NP_418548.1;0.5886553
NP_418549.1;0.1743842
NP_418550.1;0.1743842
NP_418551.1;0.1743842
NP_418552.1;0.22797585
NP_418553.1;0.9934789
NP_418554.1;0.99999
NP_418555.1;0.63689023
NP_418556.1;1.0
NP_418557.1;0.1743842
NP_418558.2;0.1743842
NP_418559.1;0.9999994
NP_418560.1;0.1743842
NP_418561.1;1.0
NP_418562.4;0.1743842
NP_418564.2;0.9586361
NP_418565.1;1.0
NP_418566.1;0.1743842
NP_418567.1;0.1743842
NP_418568.2;0.6305866
NP_418569.1;0.1743842
NP_418570.1;0.1743842
NP_418571.1;0.1743842
NP_418572.4;0.9999827
NP_418573.1;0.1743842
NP_418574.1;0.1743842
NP_418575.1;0.1743842
NP_418576.1;0.1743842
NP_418577.1;0.7377296
NP_418578.1;0.67183304
NP_418579.2;0.82104504
NP_418580.2;1.0
NP_418581.1;0.99922943
NP_418582.1;0.99964345
NP_418583.1;0.99999905
NP_418584.1;0.1743842
NP_418585.4;0.1743842
NP_418586.4;0.1743842
NP_418587.1;0.1743842
NP_418588.1;0.1743842
NP_418589.1;0.1743842
NP_418590.1;0.9882885
NP_418591.1;0.1743842
NP_418592.1;0.1743842
NP_418593.1;0.1743842
NP_418594.1;0.1743842
NP_418595.1;0.1743842
NP_418596.1;0.7674269
NP_418597.1;0.38920718
NP_418598.1;0.1743842
NP_418599.1;0.1743842
NP_418600.4;0.90520644
NP_418601.1;0.9925178
NP_418602.1;0.1743842
NP_418603.1;0.1743842
NP_418604.1;0.1743842
NP_418605.1;0.9971224
NP_418606.1;0.1743842
NP_418607.1;0.1743842
NP_418608.6;0.1743842
NP_418609.4;0.17664003
NP_418610.4;0.1743842
NP_418611.1;0.9999997
NP_418612.1;0.1743842
NP_418613.2;0.89525235
NP_418614.4;1.0
NP_418615.1;0.45786977
NP_418616.1;0.3513748
NP_418617.1;0.1743842
NP_418618.1;0.411383
NP_418619.1;0.1743842
NP_418620.1;0.1743842
NP_418621.5;0.1743842
NP_418622.1;0.1743842
NP_418623.1;0.1743842
NP_418624.1;0.1743842
NP_418625.1;0.1743842
NP_418627.4;0.1743842
NP_418628.4;0.1743842
NP_418629.1;1.0
NP_418630.1;0.1743842
NP_418631.2;0.99999726
NP_418632.1;0.1743842
NP_418633.4;0.1743842
NP_418634.1;0.6840528
NP_418635.1;0.21731463
NP_418637.1;0.1743842
NP_418638.2;0.1743842
NP_418639.1;0.99999976
NP_418640.1;0.1743842
NP_418641.1;0.99999845
NP_418642.1;0.99999756
NP_418643.1;0.3927653
NP_418645.2;0.9836397
NP_418646.1;0.25618386
NP_418647.1;0.1743842
NP_418648.1;0.9996444
NP_418651.3;0.99999833
NP_418652.2;1.0
NP_418653.1;0.1743842
NP_418654.1;0.9331549
NP_418655.1;0.1743842
NP_418656.1;0.9840151
NP_418658.1;0.1743842
NP_418659.1;0.1743842
NP_418660.1;0.1743842
NP_418661.1;1.0
NP_418662.1;0.1743842
NP_418663.1;0.99945414
NP_418664.2;0.1743842
NP_418665.1;0.1743842
NP_418666.1;0.1743842
NP_418667.1;0.1743842
NP_418669.1;0.363306
NP_418670.1;0.1743842
NP_418672.4;0.1743842
NP_418673.4;0.184387
NP_418674.2;0.1743842
NP_418675.1;0.1743842
NP_418676.1;0.1743842
NP_418679.1;0.1743842
NP_418680.1;0.1743842
NP_418681.1;0.1743842
NP_418682.1;0.9999558
NP_418683.4;1.0
NP_418684.1;0.9923041
NP_418685.1;0.1743842
NP_418686.1;1.0
NP_418687.1;0.8628135
NP_418688.1;0.1743842
NP_418689.1;0.1743842
NP_418690.4;0.1743842
NP_418692.2;0.17506346
NP_418693.1;0.1743842
NP_418697.1;0.1743842
NP_418698.1;0.1743842
NP_418699.4;1.0
NP_418700.2;0.1743842
NP_418704.1;0.1743842
NP_418707.1;0.9999672
NP_418708.1;1.0
NP_418709.1;0.999989
NP_418710.4;0.96464825
NP_418711.1;0.98237824
NP_418712.1;0.1743842
NP_418713.1;0.5928847
NP_418714.1;0.3046072
NP_418715.2;0.1743842
NP_418716.1;1.0
NP_418717.1;0.1743842
NP_418718.4;0.9990373
NP_418719.1;0.9546956
NP_418720.1;0.1743842
NP_418721.1;0.55495864
NP_418722.1;0.1743842
NP_418723.1;0.1743842
NP_418724.1;0.9847963
NP_418725.4;0.74729204
NP_418726.1;0.1743842
NP_418727.1;0.1743842
NP_418729.1;0.1743842
NP_418730.4;0.1743842
NP_418731.2;0.9980265
NP_418732.1;0.28258377
NP_418733.1;0.1743842
NP_418734.1;0.9991866
NP_418735.2;0.1743842
NP_418736.3;0.999973
NP_418737.1;0.99842167
NP_418738.1;0.33226377
NP_418739.1;0.8651699
NP_418740.1;1.0
NP_418741.1;1.0
NP_418742.1;0.1743842
NP_418743.1;0.1743842
NP_418744.1;0.1743842
NP_418745.3;0.1743842
NP_418746.4;0.1743842
NP_418747.1;0.1743842
NP_418748.1;0.1743842
NP_418749.1;0.18779424
NP_418750.2;0.29694217
NP_418751.4;0.1743842
NP_418752.1;1.0
NP_418753.3;0.9814739
NP_418754.2;0.1743842
NP_418755.4;0.1743842
NP_418756.1;0.1743842
NP_418757.1;0.99999857
NP_418760.1;0.983552
NP_418761.1;0.22553709
NP_418765.1;0.9996243
NP_418766.4;0.9997538
NP_418767.4;0.6896755
NP_418768.1;0.1743842
NP_418769.1;0.58294433
NP_418770.2;1.0
NP_418771.1;0.1743842
NP_418772.4;0.1743842
NP_418773.1;0.1743842
NP_418774.2;1.0
NP_418775.1;0.9999851
NP_418776.1;0.99999976
NP_418778.4;0.1743842
NP_418779.2;1.0
NP_418780.2;0.8330424
NP_418781.1;0.1743842
NP_418782.1;0.1743842
NP_418783.2;0.99999976
NP_418784.4;0.9995816
NP_418785.1;0.999997
NP_418786.4;0.1743842
NP_418787.1;0.17438906
NP_418788.1;0.1743842
NP_418789.1;0.1743842
NP_418790.1;0.92401946
NP_418791.1;0.1743842
NP_418792.1;0.1743842
NP_418793.1;0.1743842
NP_418794.1;0.9973724
NP_418796.1;0.19860643
NP_418797.1;0.1794675
NP_418798.1;0.1743842
NP_418799.1;0.1743842
NP_418800.1;0.1743842
NP_418801.1;0.46688074
NP_418802.1;0.1743842
NP_418803.1;0.3428768
NP_418804.1;0.1743842
NP_418805.1;0.1743842
NP_418806.1;0.99999976
NP_418807.4;0.1743842
NP_418808.1;0.1743842
NP_418809.4;0.9964063
NP_418810.1;0.1743842
NP_418811.2;0.1743842
NP_418812.1;0.1743842
NP_418813.1;0.99160784
NP_418814.1;0.97065353
NP_418815.1;0.1743842
NP_418816.1;0.54366714
NP_418817.1;0.25795192
NP_418818.1;0.4697754
NP_418819.1;0.99247706
NP_418820.1;0.1743842
YP_001165307.1;0.99969494
YP_001165308.1;0.1743842
YP_001165309.1;0.1743842
YP_001165310.1;0.1743842
YP_001165313.1;0.5711727
YP_001165314.1;0.1743842
YP_001165315.1;0.35345292
YP_001165316.1;0.1743842
YP_001165317.1;0.1743842
YP_001165318.1;0.1743842
YP_001165319.1;0.9618839
YP_001165320.1;0.5124149
YP_001165321.1;0.26620698
YP_001165325.1;0.1743842
YP_001165328.2;0.1743842
YP_001165331.1;0.34888843
YP_001165332.1;0.40710786
YP_001165333.1;0.3125046
YP_001165334.1;0.9733068
YP_001491546.1;0.1743842
YP_001491548.1;0.59137243
YP_002791237.1;0.1743842
YP_002791238.1;0.18439043
YP_002791239.1;0.2634501
YP_002791240.1;0.1743842
YP_002791241.1;0.1743842
YP_002791242.1;0.71286875
YP_002791243.1;0.1743842
YP_002791244.1;0.1743842
YP_002791245.1;0.1743842
YP_002791246.1;0.1743842
YP_002791247.1;0.1743842
YP_002791248.1;0.1743842
YP_002791249.1;0.1743842
YP_002791250.1;0.1743842
YP_002791251.1;0.1743842
YP_002791252.1;0.72870636
YP_002791253.1;0.1743842
YP_002791254.1;0.5617363
YP_002791255.1;0.1743842
YP_002791256.1;0.1743842
YP_002791257.1;0.1743842
YP_002791258.1;0.1743842
YP_002791259.1;0.1743842
YP_002791260.1;0.63805044
YP_002791261.1;0.1743842
YP_003933616.1;0.1743842
YP_004831120.1;0.1743842
YP_008592385.1;0.1743842
YP_009029994.1;0.1743842
YP_009029995.1;0.1743842
YP_009518733.1;0.35362446
YP_009518734.1;0.1743842
YP_009518735.1;0.35592955
YP_009518736.1;0.1743842
YP_009518737.1;0.1743842
YP_009518738.1;0.1743842
YP_009518739.1;0.1743842
YP_009518740.1;0.2791662
YP_009518741.1;0.9689486
YP_009518742.1;0.1743842
YP_009518743.1;0.1743842
YP_009518744.1;0.21804377
YP_009518745.1;0.1743842
YP_009518746.1;0.1743842
YP_009518747.1;0.1743842
YP_009518748.1;0.97975993
YP_009518749.1;0.1743842
YP_009518750.1;0.1743842
YP_009518751.1;0.24319878
YP_009518752.1;0.2182937
YP_009518753.1;0.1743842
YP_009518754.1;0.6076919
YP_009518755.1;0.1743842
YP_009518756.1;0.51066643
YP_009518757.1;0.344979
YP_009518758.1;0.19364375
YP_009518759.1;0.1743842
YP_009518760.1;0.1743842
YP_009518761.1;0.1743842
YP_009518762.1;0.1743842
YP_009518763.1;0.1743842
YP_009518764.1;0.96182585
YP_009518765.1;0.1743842
YP_009518766.1;0.1743842
YP_009518767.1;0.25705084
YP_009518768.1;0.23212925
YP_009518769.1;0.9928737
YP_009518770.1;0.2812567
YP_009518771.1;0.71352917
YP_009518772.1;0.1743842
YP_009518773.1;0.1743842
YP_009518774.1;0.1743842
YP_009518775.1;0.1743842
YP_009518776.1;0.1743842
YP_009518777.1;0.1743842
YP_009518778.1;0.9331738
YP_009518779.1;0.17439336
YP_009518780.1;0.1743842
YP_009518781.1;0.51956373
YP_009518782.1;0.26220876
YP_009518783.1;0.1743842
YP_009518784.1;0.1743842
YP_009518785.1;0.1743842
YP_009518786.1;0.9999561
YP_009518787.1;0.17439336
YP_009518788.1;0.1743842
YP_009518789.1;0.1743842
YP_009518790.1;0.1743842
YP_009518791.1;0.1743842
YP_009518792.1;0.1743842
YP_009518793.1;0.1743842
YP_009518794.1;0.1743842
YP_009518795.1;0.36021602
YP_009518796.1;0.51953876
YP_009518797.1;0.1743842
YP_009518798.1;0.1743842
YP_009518799.1;0.9578185
YP_009518800.1;0.1743842
YP_009518801.1;0.1743842
YP_009518802.1;0.1743842
YP_009518803.1;0.1743842
YP_009518804.1;0.1743842
YP_009518805.1;0.1743842
YP_009518806.1;0.32135367
YP_009518807.1;0.1743842
YP_009518808.1;0.1743842
YP_009518809.1;0.1743842
YP_009518810.1;0.98046297
YP_009518811.1;0.1743842
YP_009518812.1;0.1743842
YP_009518813.1;0.1743842
YP_009518814.1;0.1743842
YP_009518815.1;0.1743842
YP_009518816.1;0.1743842
YP_009518817.1;0.1743842
YP_009518818.1;0.1743842
YP_009518819.1;1.0
YP_009518820.1;0.824871
YP_009518821.1;0.266891
YP_009518822.1;0.1743842
YP_009518823.1;0.1743842
YP_009518824.1;0.730647
YP_009518825.1;1.0
YP_009518826.1;0.1743842
YP_009518827.1;0.18745667
YP_009518828.1;0.818614
YP_009518829.1;0.1743842
YP_009518830.1;0.1743842
YP_009518831.1;0.1743842
YP_009518832.1;0.1743842
YP_009518833.1;0.1743842
YP_009518834.1;0.1743842
YP_025292.1;0.17445138
YP_025293.1;1.0
YP_025294.2;0.84167886
YP_025295.1;0.9664985
YP_025297.1;0.6999192
YP_025298.1;0.7304798
YP_025299.1;0.6999192
YP_025300.1;0.32605398
YP_025301.1;0.9712828
YP_025302.1;0.1743842
YP_025303.1;0.29143935
YP_025304.1;0.94530797
YP_025305.1;0.1743842
YP_025306.1;1.0
YP_025307.1;1.0
YP_025308.1;0.1743842
YP_025309.2;0.1743842
YP_025310.1;0.1743842
YP_026160.1;0.1743842
YP_026161.1;0.1743842
YP_026162.2;0.99914813
YP_026163.2;0.17506346
YP_026164.1;1.0
YP_026168.2;0.9996519
YP_026169.1;0.1743842
YP_026170.1;0.1743842
YP_026171.3;0.99914634
YP_026172.1;0.1743842
YP_026173.1;0.1743842
YP_026174.2;0.9942181
YP_026180.1;0.98962533
YP_026181.1;0.9999533
YP_026182.1;0.9999993
YP_026183.1;0.1743842
YP_026185.1;0.944157
YP_026186.1;1.0
YP_026187.1;0.1743842
YP_026188.1;0.1743842
YP_026189.1;0.99999875
YP_026190.1;0.1743842
YP_026191.1;0.8118184
YP_026192.1;0.9999992
YP_026195.1;0.1743842
YP_026196.1;0.1743842
YP_026197.1;0.30264485
YP_026199.1;0.1743842
YP_026200.1;1.0
YP_026201.1;1.0
YP_026202.1;0.1743842
YP_026203.3;1.0
YP_026204.1;0.1743842
YP_026205.1;0.17441991
YP_026207.1;0.1743842
YP_026208.1;0.99994713
YP_026209.1;1.0
YP_026210.1;0.1743842
YP_026211.1;0.20222858
YP_026212.2;0.9999896
YP_026213.1;0.9279101
YP_026214.1;0.17440262
YP_026215.2;0.1743842
YP_026216.2;0.1743842
YP_026217.1;1.0
YP_026218.1;0.6059389
YP_026219.1;0.5032979
YP_026220.1;0.1743842
YP_026221.1;1.0
YP_026222.1;0.1743842
YP_026223.1;0.9991879
YP_026224.1;0.99996674
YP_026225.1;0.62834024
YP_026226.4;1.0
YP_026227.1;0.32089895
YP_026228.1;0.1743842
YP_026229.1;0.609823
YP_026230.1;0.4763188
YP_026231.1;0.1743842
YP_026232.1;1.0
YP_026233.1;0.1743842
YP_026237.1;0.1743842
YP_026238.1;0.83527786
YP_026239.1;0.1743842
YP_026240.1;0.2273961
YP_026241.1;0.1743997
YP_026242.1;0.1743842
YP_026243.1;0.1743842
YP_026244.1;1.0
YP_026245.1;0.1743842
YP_026246.1;0.1743842
YP_026247.1;0.1743842
YP_026248.1;0.1743842
YP_026251.1;0.97764516
YP_026252.1;0.1743842
YP_026253.1;0.1743842
YP_026254.1;0.9816602
YP_026255.1;0.1743842
YP_026256.2;0.1743842
YP_026257.1;0.75409496
YP_026258.1;1.0
YP_026259.1;0.1743842
YP_026260.1;0.93816483
YP_026261.1;0.98812294
YP_026262.1;1.0
YP_026263.3;0.2708302
YP_026264.1;0.999999
YP_026265.1;0.9998909
YP_026266.1;0.988528
YP_026267.1;0.1743842
YP_026268.1;0.1743842
YP_026269.1;0.1743842
YP_026270.1;0.1743842
YP_026271.1;0.1743842
YP_026272.1;0.1743842
YP_026273.1;1.0
YP_026274.1;0.1743842
YP_026275.1;1.0
YP_026276.1;0.1743842
YP_026277.1;0.1743842
YP_026278.1;0.9999838
YP_026279.1;0.1743842
YP_026280.1;0.1743842
YP_026281.1;0.1743842
YP_026282.1;0.94136405
YP_026283.1;0.1814766
YP_026284.1;0.99607563
YP_026285.1;0.1743842
YP_026286.1;0.9998045
YP_026287.1;0.1743842
YP_026288.1;0.9999989
YP_026290.1;0.1743842
YP_026291.2;0.1743842
YP_588435.1;0.18885422
YP_588437.1;0.1743842
YP_588439.1;0.1743842
YP_588440.1;0.9993881
YP_588441.1;0.1743842
YP_588442.1;0.1743842
YP_588443.1;0.1743842
YP_588444.1;0.2567277
YP_588445.1;0.38938662
YP_588446.1;0.6167337
YP_588447.1;0.7508478
YP_588449.2;0.1743842
YP_588450.2;0.1743842
YP_588451.1;0.1743842
YP_588452.1;0.9994787
YP_588453.1;0.1743842
YP_588454.1;0.1743842
YP_588455.2;0.71930104
YP_588456.1;0.6952305
YP_588458.1;0.1743842
YP_588459.1;0.1743842
YP_588460.1;0.68164444
YP_588461.1;0.1743842
YP_588462.1;0.98838794
YP_588463.1;0.1743842
YP_588464.1;0.99246144
YP_588465.1;0.1743842
YP_588466.1;0.57802427
YP_588467.1;0.1743842
YP_588468.1;0.1743842
YP_588469.1;0.3159188
YP_588470.1;0.18103135
YP_588471.1;0.7177442
YP_588472.1;0.1743842
YP_588473.1;0.8958979
YP_588474.1;0.9999968
YP_588476.1;0.38097826
YP_588477.1;0.1743842
YP_588478.1;0.97829103
YP_588479.2;0.8972885
