NP_414542.1;0.12480444
NP_414543.1;0.99344707
NP_414544.1;0.029129446
NP_414545.1;0.017432898
NP_414546.1;0.054642558
NP_414547.1;0.10055974
NP_414548.1;0.9952966
NP_414549.1;0.027701885
NP_414550.1;0.0568825
NP_414551.1;0.91063136
NP_414552.1;0.03878659
NP_414554.1;0.08379403
NP_414555.1;0.9884733
NP_414556.1;0.020415068
NP_414557.1;0.09479362
NP_414559.1;0.065292984
NP_414560.1;0.99699247
NP_414561.1;0.058404088
NP_414562.1;0.097150296
NP_414563.1;0.083236694
NP_414564.1;0.02776295
NP_414565.1;0.62169796
NP_414566.1;0.021850556
NP_414567.1;0.0147844255
NP_414568.1;0.086892515
NP_414569.1;0.09905216
NP_414570.1;0.017745107
NP_414571.1;0.028095186
NP_414572.1;0.026308984
NP_414573.1;0.06653702
NP_414574.1;0.01506725
NP_414576.4;0.4927624
NP_414577.2;0.02449724
NP_414578.2;0.02860877
NP_414579.4;0.10140377
NP_414580.1;0.019789249
NP_414581.1;0.024429679
NP_414582.1;0.99608046
NP_414583.2;0.020344108
NP_414584.1;0.023949265
NP_414585.1;0.019162476
NP_414586.1;0.048428953
NP_414587.1;0.9980345
NP_414588.1;0.029484123
NP_414589.1;0.9980598
NP_414590.1;0.060731143
NP_414591.1;0.024369836
NP_414592.1;0.1256719
NP_414593.1;0.5357321
NP_414594.1;0.033217132
NP_414595.1;0.02929303
NP_414596.1;0.99551064
NP_414597.1;0.031876057
NP_414600.1;0.022776574
NP_414601.1;0.012784541
NP_414602.1;0.017083138
NP_414603.1;0.06084448
NP_414604.1;0.018152595
NP_414605.1;0.024151713
NP_414606.1;0.027078122
NP_414607.1;0.98115337
NP_414608.1;0.8028471
NP_414609.1;0.99741954
NP_414610.1;0.9872228
NP_414611.1;0.01788187
NP_414613.1;0.043232232
NP_414614.1;0.015802026
NP_414615.4;0.022149473
NP_414616.1;0.018294007
NP_414617.1;0.11444926
NP_414618.4;0.026685297
NP_414620.1;0.12821537
NP_414622.1;0.022201091
NP_414623.1;0.06665909
NP_414624.1;0.040166914
NP_414625.1;0.08326352
NP_414626.1;0.018777668
NP_414627.1;0.01715684
NP_414628.1;0.01952535
NP_414629.1;0.9822509
NP_414630.1;0.015770376
NP_414631.1;0.99732304
NP_414632.1;0.017158747
NP_414633.1;0.016904771
NP_414634.1;0.786736
NP_414635.1;0.91487324
NP_414636.1;0.017907321
NP_414637.1;0.019753844
NP_414638.1;0.020712435
NP_414639.2;0.12400064
NP_414640.1;0.99809396
NP_414641.1;0.06206894
NP_414643.1;0.13667336
NP_414644.1;0.047130734
NP_414645.1;0.05728498
NP_414646.1;0.025644839
NP_414648.1;0.9941811
NP_414649.1;0.018082768
NP_414650.1;0.4458467
NP_414651.1;0.028627604
NP_414652.1;0.03282371
NP_414653.1;0.8092242
NP_414654.1;0.99454993
NP_414655.1;0.02113071
NP_414656.1;0.13228601
NP_414657.1;0.012308061
NP_414658.1;0.017747104
NP_414659.1;0.018302262
NP_414660.1;0.079322636
NP_414661.2;0.046831667
NP_414662.1;0.031800985
NP_414663.1;0.028818637
NP_414664.4;0.3701498
NP_414665.1;0.023276478
NP_414666.1;0.99807596
NP_414667.4;0.07889283
NP_414668.1;0.10520986
NP_414669.1;0.98749053
NP_414670.1;0.97772306
NP_414671.1;0.06226474
NP_414672.1;0.949463
NP_414673.1;0.03652084
NP_414674.1;0.03803402
NP_414675.1;0.02495122
NP_414676.1;0.027784944
NP_414677.1;0.9763385
NP_414678.1;0.6954658
NP_414679.1;0.70153207
NP_414680.4;0.44571942
NP_414681.1;0.99798214
NP_414682.1;0.7961756
NP_414683.1;0.3338756
NP_414684.1;0.047520906
NP_414685.4;0.018488854
NP_414686.3;0.020957053
NP_414687.1;0.04673198
NP_414688.1;0.027536869
NP_414689.4;0.027358323
NP_414690.4;0.9932647
NP_414691.1;0.98323077
NP_414692.1;0.99807155
NP_414693.1;0.20080537
NP_414694.1;0.9719298
NP_414695.1;0.99740994
NP_414696.1;0.017978966
NP_414697.1;0.9980664
NP_414698.1;0.106306374
NP_414699.1;0.030992955
NP_414700.1;0.7350687
NP_414701.1;0.026907593
NP_414702.1;0.014898896
NP_414703.1;0.9980025
NP_414704.4;0.026075065
NP_414705.1;0.06325483
NP_414706.2;0.020813465
NP_414708.1;0.029141575
NP_414709.1;0.012681454
NP_414710.1;0.021539837
NP_414711.1;0.024195492
NP_414712.1;0.021425396
NP_414713.1;0.10704553
NP_414714.1;0.03302756
NP_414715.1;0.020514399
NP_414716.1;0.039794534
NP_414717.2;0.72829455
NP_414718.1;0.9940098
NP_414719.1;0.9969096
NP_414720.1;0.10820466
NP_414721.1;0.040730745
NP_414722.1;0.025320709
NP_414723.1;0.032284945
NP_414724.1;0.05059874
NP_414725.1;0.0593957
NP_414726.1;0.013042927
NP_414727.1;0.047253966
NP_414728.1;0.99785733
NP_414729.4;0.08022341
NP_414730.1;0.030639172
NP_414731.2;0.077943265
NP_414732.1;0.11981183
NP_414733.1;0.036841303
NP_414734.1;0.07153928
NP_414735.4;0.94204867
NP_414736.1;0.017132044
NP_414737.1;0.051868916
NP_414738.1;0.115439475
NP_414739.1;0.054053754
NP_414740.1;0.94085836
NP_414741.1;0.99429744
NP_414742.1;0.022026807
NP_414743.1;0.028679848
NP_414744.1;0.0237602
NP_414745.1;0.035358936
NP_414746.1;0.06332156
NP_414747.1;0.021374077
NP_414748.1;0.042619705
NP_414749.2;0.06896064
NP_414750.1;0.027562678
NP_414751.1;0.027077854
NP_414752.1;0.9580753
NP_414754.1;0.035196453
NP_414755.1;0.7187168
NP_414756.2;0.03453973
NP_414757.1;0.11115104
NP_414758.1;0.09640166
NP_414759.1;0.027381986
NP_414760.1;0.05630377
NP_414761.1;0.05475864
NP_414762.1;0.027581751
NP_414763.1;0.04126206
NP_414766.1;0.021047592
NP_414767.1;0.06858972
NP_414768.1;0.113958806
NP_414769.1;0.80790114
NP_414772.1;0.018607914
NP_414773.1;0.063762754
NP_414774.1;0.026417285
NP_414776.1;0.99485254
NP_414777.1;0.019951731
NP_414778.1;0.016038477
NP_414779.1;0.13419625
NP_414780.1;0.075645894
NP_414781.1;0.029839396
NP_414782.1;0.031267494
NP_414783.1;0.18607792
NP_414784.1;0.20608875
NP_414785.4;0.33837557
NP_414786.4;0.028457582
NP_414787.4;0.12718382
NP_414788.1;0.08432916
NP_414790.1;0.02347073
NP_414793.1;0.024158895
NP_414794.4;0.99734807
NP_414795.1;0.056604207
NP_414796.2;0.99506706
NP_414798.1;0.07625127
NP_414799.1;0.09464204
NP_414801.1;0.05333799
NP_414802.2;0.030028999
NP_414803.1;0.012156516
NP_414804.1;0.9956496
NP_414805.1;0.50166774
NP_414806.1;0.031697482
NP_414807.1;0.020158768
NP_414808.1;0.07625127
NP_414809.1;0.09464204
NP_414811.1;0.02283582
NP_414812.1;0.027542919
NP_414813.1;0.036344677
NP_414814.1;0.10781723
NP_414815.1;0.018960595
NP_414817.1;0.019968301
NP_414818.1;0.997748
NP_414819.1;0.027880728
NP_414820.1;0.022872865
NP_414821.1;0.41789374
NP_414822.1;0.2146096
NP_414823.2;0.089920014
NP_414824.1;0.9957793
NP_414825.1;0.9978796
NP_414826.1;0.07606265
NP_414827.1;0.32665598
NP_414828.1;0.026736408
NP_414829.1;0.038246304
NP_414830.1;0.03912118
NP_414832.2;0.03621593
NP_414833.1;0.214786
NP_414835.2;0.19744354
NP_414837.2;0.520228
NP_414838.2;0.017649323
NP_414839.1;0.40421793
NP_414840.1;0.73556197
NP_414841.1;0.023685634
NP_414842.4;0.027897865
NP_414844.1;0.051178366
NP_414845.1;0.017309278
NP_414846.1;0.019085526
NP_414847.3;0.050040543
NP_414848.1;0.9980875
NP_414849.1;0.12721491
NP_414850.1;0.34039992
NP_414851.1;0.87489355
NP_414852.1;0.049679518
NP_414853.1;0.027848572
NP_414854.1;0.018479764
NP_414855.1;0.94735914
NP_414857.1;0.0206424
NP_414858.1;0.017208785
NP_414859.1;0.017907351
NP_414860.1;0.031160295
NP_414861.2;0.36698997
NP_414862.1;0.9460878
NP_414863.1;0.29560494
NP_414864.1;0.017354757
NP_414865.1;0.0269683
NP_414867.1;0.9692497
NP_414868.1;0.99601996
NP_414869.1;0.015251994
NP_414870.1;0.9980416
NP_414871.1;0.01982966
NP_414872.3;0.15474862
NP_414873.1;0.025236398
NP_414874.1;0.155144
NP_414875.1;0.9544027
NP_414876.1;0.039792657
NP_414877.1;0.9961721
NP_414878.1;0.9980085
NP_414879.3;0.0346511
NP_414880.2;0.017910123
NP_414881.1;0.015139848
NP_414882.1;0.021544784
NP_414883.5;0.057574093
NP_414884.2;0.02540934
NP_414885.1;0.020290405
NP_414886.1;0.025005192
NP_414887.2;0.996047
NP_414888.4;0.042375207
NP_414889.1;0.031472534
NP_414890.1;0.029793888
NP_414891.4;0.0475657
NP_414892.1;0.43176508
NP_414894.2;0.09178713
NP_414895.1;0.022966743
NP_414897.1;0.99470466
NP_414898.4;0.06575158
NP_414899.2;0.85184145
NP_414900.1;0.79577434
NP_414901.1;0.9335654
NP_414902.1;0.024610013
NP_414903.4;0.027885735
NP_414906.1;0.214786
NP_414907.2;0.03621593
NP_414909.2;0.048972696
NP_414910.1;0.9965718
NP_414911.1;0.9960995
NP_414912.1;0.8388577
NP_414913.1;0.1468721
NP_414914.2;0.66003054
NP_414915.1;0.021953434
NP_414916.1;0.062409133
NP_414917.2;0.018937707
NP_414918.4;0.5176195
NP_414919.1;0.13600636
NP_414920.1;0.027382582
NP_414921.2;0.025685966
NP_414922.1;0.050994575
NP_414923.1;0.047756106
NP_414924.1;0.036477864
NP_414925.1;0.08483419
NP_414927.1;0.024412036
NP_414928.2;0.07118556
NP_414930.3;0.99696404
NP_414931.1;0.015487164
NP_414932.1;0.01844573
NP_414933.1;0.037349015
NP_414934.1;0.26450878
NP_414935.1;0.9972528
NP_414936.1;0.99717045
NP_414937.2;0.017556787
NP_414938.1;0.34956744
NP_414939.1;0.03120771
NP_414940.1;0.018179625
NP_414941.1;0.3658011
NP_414942.1;0.9980546
NP_414943.1;0.99467856
NP_414944.1;0.025623262
NP_414945.1;0.50056547
NP_414946.4;0.5664366
NP_414947.1;0.026854604
NP_414948.1;0.022745073
NP_414949.1;0.053602308
NP_414950.1;0.079847336
NP_414951.1;0.042436063
NP_414952.1;0.605669
NP_414953.2;0.025023967
NP_414954.1;0.017863184
NP_414955.1;0.026614428
NP_414956.1;0.07973167
NP_414957.1;0.018305808
NP_414958.4;0.10981318
NP_414959.1;0.028197467
NP_414960.2;0.17609367
NP_414961.4;0.9980687
NP_414962.1;0.18171614
NP_414963.1;0.7880161
NP_414964.1;0.5945418
NP_414965.1;0.99731994
NP_414966.1;0.9731372
NP_414967.1;0.9940227
NP_414968.4;0.41281125
NP_414969.4;0.092063755
NP_414970.1;0.015096694
NP_414971.1;0.055958897
NP_414972.1;0.018079728
NP_414973.1;0.017118245
NP_414974.1;0.08277777
NP_414975.1;0.99802196
NP_414976.1;0.6436634
NP_414977.1;0.34092903
NP_414978.1;0.03058827
NP_414979.1;0.9980247
NP_414980.2;0.13254476
NP_414981.4;0.3314317
NP_414982.1;0.9939281
NP_414983.1;0.9972504
NP_414984.1;0.09517184
NP_414985.1;0.9957473
NP_414986.1;0.02958706
NP_414987.3;0.3428719
NP_414988.1;0.05900696
NP_414989.1;0.089407265
NP_414990.2;0.016304433
NP_414991.4;0.48059216
NP_414992.1;0.024587572
NP_414993.1;0.06447938
NP_414994.1;0.09913793
NP_414995.1;0.9977623
NP_414996.1;0.9946779
NP_414997.1;0.33130413
NP_414998.1;0.9970962
NP_414999.1;0.41910565
NP_415000.1;0.27645952
NP_415001.1;0.53511196
NP_415002.1;0.08244243
NP_415003.1;0.017111659
NP_415004.1;0.07368025
NP_415005.1;0.068728
NP_415006.1;0.015419036
NP_415007.1;0.031353563
NP_415008.1;0.03271818
NP_415009.1;0.02717334
NP_415010.1;0.020730078
NP_415011.1;0.9944576
NP_415012.1;0.98655784
NP_415013.1;0.018090338
NP_415014.1;0.027309924
NP_415015.1;0.9608369
NP_415016.4;0.055003196
NP_415017.1;0.9979792
NP_415018.1;0.033681095
NP_415019.1;0.9979259
NP_415020.1;0.026339233
NP_415021.2;0.4459724
NP_415022.1;0.046090484
NP_415023.1;0.110880256
NP_415024.4;0.98789936
NP_415025.4;0.90991175
NP_415026.1;0.87992674
NP_415027.1;0.8050431
NP_415028.1;0.9766704
NP_415029.1;0.99790543
NP_415030.1;0.012183577
NP_415031.1;0.120266646
NP_415036.1;0.020961255
NP_415037.1;0.9520142
NP_415038.1;0.049762875
NP_415039.1;0.9673836
NP_415040.1;0.9980331
NP_415041.1;0.029370427
NP_415042.1;0.124695
NP_415044.4;0.9966396
NP_415045.1;0.01523006
NP_415046.4;0.9970151
NP_415047.1;0.9929805
NP_415048.1;0.93665874
NP_415049.1;0.024122179
NP_415050.1;0.041149855
NP_415051.1;0.10919231
NP_415053.1;0.08313277
NP_415054.1;0.05942759
NP_415055.1;0.021751553
NP_415056.1;0.06912732
NP_415057.1;0.033276707
NP_415058.1;0.0792228
NP_415059.1;0.017244637
NP_415060.1;0.5121019
NP_415061.2;0.08213556
NP_415062.1;0.018219203
NP_415063.4;0.15761554
NP_415064.1;0.12185773
NP_415065.1;0.92959523
NP_415066.2;0.9842243
NP_415067.1;0.29953635
NP_415068.1;0.047135532
NP_415069.1;0.024648577
NP_415072.2;0.03621593
NP_415073.1;0.214786
NP_415075.1;0.7288995
NP_415076.1;0.019878775
NP_415077.1;0.70750475
NP_415078.1;0.036506742
NP_415079.1;0.059522986
NP_415080.1;0.14620963
NP_415081.1;0.048419267
NP_415082.1;0.025248587
NP_415083.1;0.08101854
NP_415084.1;0.024158895
NP_415086.1;0.8022512
NP_415087.1;0.80380523
NP_415088.1;0.06685004
NP_415089.1;0.7695541
NP_415090.2;0.049912542
NP_415091.1;0.21276602
NP_415092.1;0.063592345
NP_415096.1;0.045101732
NP_415097.1;0.7175179
NP_415098.1;0.6981852
NP_415099.1;0.94667053
NP_415100.1;0.6648123
NP_415101.1;0.99416614
NP_415102.1;0.14552805
NP_415103.1;0.13328856
NP_415104.1;0.99526584
NP_415105.1;0.14256844
NP_415106.1;0.99648273
NP_415107.1;0.99792206
NP_415108.1;0.9970085
NP_415109.1;0.9978736
NP_415110.1;0.5934524
NP_415111.1;0.69059306
NP_415112.1;0.868446
NP_415113.1;0.02475974
NP_415114.1;0.09479362
NP_415115.2;0.044188917
NP_415116.1;0.9970715
NP_415117.2;0.04353866
NP_415118.1;0.11168322
NP_415119.1;0.03387299
NP_415120.1;0.9767686
NP_415121.1;0.99474066
NP_415122.1;0.99472797
NP_415123.1;0.9970346
NP_415124.1;0.7211783
NP_415125.1;0.116353005
NP_415126.1;0.018192321
NP_415127.1;0.022066623
NP_415128.1;0.027971685
NP_415129.1;0.13240957
NP_415130.1;0.99804735
NP_415132.1;0.017886251
NP_415133.1;0.030283272
NP_415134.1;0.044781476
NP_415135.1;0.030072093
NP_415136.1;0.02817434
NP_415137.2;0.9734404
NP_415138.1;0.03195861
NP_415139.2;0.021502525
NP_415140.1;0.04870075
NP_415141.1;0.014436483
NP_415143.1;0.029182613
NP_415144.1;0.93494236
NP_415145.1;0.8884679
NP_415146.1;0.110188246
NP_415147.1;0.03774047
NP_415148.1;0.012580901
NP_415149.4;0.028485447
NP_415150.1;0.14026228
NP_415151.4;0.9862472
NP_415152.1;0.016287804
NP_415153.1;0.031570554
NP_415154.1;0.99699295
NP_415155.1;0.10768828
NP_415156.1;0.21331337
NP_415157.1;0.88819504
NP_415160.1;0.24836081
NP_415161.1;0.019943625
NP_415162.4;0.050461352
NP_415163.2;0.034573495
NP_415164.1;0.41634026
NP_415165.1;0.9936233
NP_415166.1;0.76923424
NP_415167.1;0.99426794
NP_415168.1;0.01968944
NP_415169.1;0.050313175
NP_415170.4;0.06728652
NP_415171.1;0.045852542
NP_415172.1;0.030241638
NP_415173.1;0.02230832
NP_415174.1;0.16933706
NP_415175.1;0.015984029
NP_415176.1;0.030866116
NP_415177.4;0.04355666
NP_415178.1;0.05960557
NP_415179.1;0.020651937
NP_415180.1;0.50974
NP_415181.1;0.04502794
NP_415182.1;0.0298388
NP_415183.1;0.9977532
NP_415184.1;0.057787627
NP_415185.1;0.7085773
NP_415186.1;0.9851446
NP_415187.1;0.98691857
NP_415188.1;0.41585866
NP_415189.1;0.024158895
NP_415190.1;0.9971634
NP_415191.1;0.485427
NP_415192.1;0.04642707
NP_415193.2;0.017458558
NP_415194.1;0.014205754
NP_415195.1;0.01905328
NP_415200.1;0.7522719
NP_415201.1;0.03138879
NP_415202.1;0.01770237
NP_415203.1;0.17431542
NP_415204.1;0.03775242
NP_415205.1;0.9980533
NP_415206.1;0.019129217
NP_415207.1;0.9961512
NP_415208.1;0.40241012
NP_415209.1;0.027086526
NP_415210.1;0.03761044
NP_415211.2;0.043269664
NP_415212.1;0.031973302
NP_415213.1;0.05066368
NP_415214.1;0.017921746
NP_415215.1;0.13097265
NP_415219.1;0.9980477
NP_415220.1;0.99797904
NP_415222.1;0.04736182
NP_415223.1;0.9980469
NP_415224.1;0.8080208
NP_415225.1;0.9979569
NP_415226.1;0.9966135
NP_415228.1;0.21859807
NP_415229.1;0.9120515
NP_415230.1;0.7907847
NP_415232.1;0.13667828
NP_415234.1;0.025879264
NP_415235.1;0.084552646
NP_415236.1;0.01825267
NP_415237.1;0.9863132
NP_415238.1;0.03626302
NP_415239.1;0.029188424
NP_415240.1;0.019932717
NP_415241.1;0.037298262
NP_415242.1;0.022541404
NP_415243.4;0.9940922
NP_415244.4;0.4488802
NP_415245.1;0.75943446
NP_415246.2;0.9979197
NP_415247.1;0.11250609
NP_415248.1;0.020367086
NP_415249.1;0.7595691
NP_415250.1;0.7555256
NP_415251.1;0.013790548
NP_415252.1;0.025609493
NP_415254.1;0.015844584
NP_415255.1;0.02482909
NP_415256.1;0.018072516
NP_415257.1;0.03302473
NP_415258.1;0.022552967
NP_415259.1;0.998025
NP_415260.1;0.015528291
NP_415261.2;0.9920562
NP_415262.1;0.36076215
NP_415263.1;0.7799486
NP_415264.1;0.042774975
NP_415265.1;0.752635
NP_415266.1;0.32176274
NP_415267.1;0.9971795
NP_415268.1;0.14293548
NP_415269.1;0.42678332
NP_415270.1;0.8786089
NP_415271.1;0.018062979
NP_415272.1;0.9851954
NP_415273.1;0.82822174
NP_415274.1;0.17449167
NP_415275.1;0.020829856
NP_415276.1;0.020926714
NP_415277.1;0.020101309
NP_415278.1;0.030999243
NP_415279.1;0.025871962
NP_415280.3;0.020741224
NP_415281.1;0.99348545
NP_415282.1;0.0991326
NP_415283.1;0.7078531
NP_415284.1;0.8657116
NP_415285.1;0.98737454
NP_415286.1;0.7188477
NP_415287.1;0.02213496
NP_415288.1;0.021932513
NP_415289.4;0.048400313
NP_415290.1;0.020336777
NP_415291.1;0.99717915
NP_415292.2;0.9980364
NP_415293.1;0.9942962
NP_415294.1;0.15712333
NP_415295.1;0.9980042
NP_415296.1;0.021329612
NP_415297.1;0.3135324
NP_415298.1;0.029616714
NP_415299.1;0.32225168
NP_415300.1;0.011869758
NP_415301.1;0.024188995
NP_415302.1;0.024377882
NP_415303.1;0.039035797
NP_415304.1;0.037152708
NP_415305.1;0.07993272
NP_415306.1;0.022495598
NP_415307.1;0.9853836
NP_415308.1;0.9750912
NP_415309.1;0.9732965
NP_415310.1;0.01806271
NP_415311.1;0.02183175
NP_415312.1;0.8485173
NP_415313.1;0.98860675
NP_415314.1;0.99450403
NP_415315.4;0.99811375
NP_415316.1;0.6410536
NP_415317.4;0.08456078
NP_415318.1;0.017143875
NP_415319.1;0.050652295
NP_415320.1;0.01719895
NP_415321.1;0.0221439
NP_415322.1;0.018081784
NP_415323.1;0.6188021
NP_415324.1;0.043269515
NP_415325.4;0.06634125
NP_415326.1;0.996548
NP_415327.2;0.53764725
NP_415328.4;0.026217222
NP_415329.4;0.9955168
NP_415330.1;0.95420647
NP_415331.1;0.9602342
NP_415332.1;0.0738377
NP_415333.1;0.028388023
NP_415334.1;0.87121487
NP_415335.1;0.78304446
NP_415336.1;0.99619746
NP_415338.1;0.13982096
NP_415339.1;0.9933049
NP_415340.1;0.88335764
NP_415341.1;0.9969559
NP_415342.1;0.018530935
NP_415343.1;0.022568643
NP_415344.1;0.99806976
NP_415345.2;0.02151239
NP_415346.4;0.34475118
NP_415347.1;0.15412104
NP_415348.1;0.019592732
NP_415349.1;0.02703455
NP_415350.2;0.9973202
NP_415351.1;0.99472743
NP_415352.1;0.9659658
NP_415353.1;0.89447796
NP_415354.1;0.019554675
NP_415355.1;0.104979664
NP_415356.1;0.025176674
NP_415357.1;0.05427009
NP_415358.1;0.054505646
NP_415359.4;0.40603998
NP_415360.1;0.95018375
NP_415361.1;0.09758526
NP_415362.1;0.81521493
NP_415363.1;0.99651474
NP_415364.1;0.29360175
NP_415365.4;0.050595522
NP_415366.1;0.9980368
NP_415367.1;0.13194788
NP_415368.1;0.99731284
NP_415369.1;0.6988756
NP_415370.1;0.047082365
NP_415371.1;0.42703748
NP_415372.1;0.14914706
NP_415373.1;0.01780516
NP_415374.1;0.08426583
NP_415375.1;0.029392153
NP_415376.4;0.9977855
NP_415377.1;0.9951816
NP_415378.1;0.988894
NP_415379.1;0.8310089
NP_415380.1;0.0224199
NP_415381.1;0.46262074
NP_415382.1;0.9710509
NP_415383.1;0.9935678
NP_415384.1;0.68531376
NP_415385.1;0.91365135
NP_415386.1;0.07565108
NP_415387.1;0.04057169
NP_415388.1;0.08932328
NP_415389.2;0.034244865
NP_415390.4;0.024569869
NP_415391.1;0.024379939
NP_415392.1;0.12504765
NP_415393.1;0.037653804
NP_415394.4;0.017426789
NP_415395.2;0.9034648
NP_415396.1;0.99312294
NP_415397.1;0.018011093
NP_415398.1;0.03207314
NP_415399.4;0.9110222
NP_415400.1;0.99801815
NP_415401.1;0.21262488
NP_415402.1;0.05463755
NP_415403.1;0.017551452
NP_415404.1;0.063346535
NP_415405.1;0.058222294
NP_415406.1;0.99692804
NP_415407.1;0.99803245
NP_415408.1;0.0666762
NP_415409.1;0.038132995
NP_415410.1;0.99808574
NP_415411.2;0.7764001
NP_415412.1;0.019623697
NP_415413.1;0.019993693
NP_415414.4;0.9956115
NP_415415.1;0.021041125
NP_415416.1;0.99426067
NP_415417.1;0.044083178
NP_415418.1;0.9941986
NP_415419.2;0.9970124
NP_415420.1;0.17116827
NP_415421.1;0.046334147
NP_415422.1;0.022604764
NP_415423.1;0.014832437
NP_415424.1;0.982321
NP_415425.4;0.9973918
NP_415426.1;0.89078355
NP_415427.1;0.02034548
NP_415428.1;0.01878804
NP_415429.2;0.58578885
NP_415430.1;0.021967798
NP_415431.1;0.01795423
NP_415432.1;0.03820476
NP_415433.4;0.99792504
NP_415434.1;0.9962898
NP_415435.1;0.021047533
NP_415436.1;0.89158416
NP_415437.1;0.1412752
NP_415438.1;0.022563547
NP_415439.1;0.47618502
NP_415440.1;0.64117414
NP_415441.1;0.10470134
NP_415442.1;0.015901327
NP_415443.2;0.112490594
NP_415444.1;0.014310896
NP_415445.1;0.017321348
NP_415446.1;0.084828556
NP_415447.1;0.06836918
NP_415448.1;0.018924147
NP_415449.1;0.95431757
NP_415450.1;0.01729989
NP_415451.1;0.025070012
NP_415452.1;0.012525737
NP_415453.1;0.79062724
NP_415454.4;0.98811674
NP_415455.1;0.037818104
NP_415456.4;0.9972352
NP_415457.1;0.06029719
NP_415458.2;0.35292006
NP_415459.1;0.9173043
NP_415460.1;0.9977803
NP_415461.1;0.89884686
NP_415462.1;0.32790136
NP_415463.2;0.51692283
NP_415464.4;0.5009638
NP_415465.1;0.025410563
NP_415466.4;0.04885131
NP_415467.1;0.9476718
NP_415468.1;0.014810473
NP_415469.1;0.9968846
NP_415470.1;0.78025496
NP_415471.1;0.071392715
NP_415472.2;0.7445993
NP_415473.1;0.13416135
NP_415474.1;0.06347656
NP_415475.1;0.017810673
NP_415476.1;0.062240362
NP_415477.1;0.99232435
NP_415478.1;0.20068401
NP_415479.1;0.26267466
NP_415480.2;0.9967375
NP_415481.1;0.84168494
NP_415482.1;0.99696976
NP_415483.2;0.061893016
NP_415484.1;0.07146549
NP_415485.4;0.26803666
NP_415486.4;0.04861176
NP_415487.4;0.98346937
NP_415488.1;0.060536057
NP_415489.4;0.049752027
NP_415490.1;0.968943
NP_415491.1;0.62106085
NP_415492.1;0.024498343
NP_415493.1;0.8882288
NP_415494.1;0.11341435
NP_415495.1;0.71882
NP_415496.1;0.028109461
NP_415497.1;0.969687
NP_415498.1;0.9946387
NP_415500.1;0.9910146
NP_415501.1;0.01768899
NP_415502.4;0.07898909
NP_415503.1;0.99377936
NP_415504.1;0.995591
NP_415505.1;0.026988417
NP_415506.1;0.72717047
NP_415507.2;0.79275584
NP_415508.1;0.08911899
NP_415509.1;0.10086638
NP_415510.1;0.11452702
NP_415511.1;0.5775121
NP_415512.1;0.9973155
NP_415513.2;0.997259
NP_415514.1;0.9652709
NP_415515.1;0.03118062
NP_415516.1;0.52495563
NP_415517.1;0.019763947
NP_415518.1;0.38683352
NP_415519.1;0.063209444
NP_415520.1;0.021335095
NP_415521.1;0.019042343
NP_415522.1;0.01588884
NP_415523.1;0.20778993
NP_415524.1;0.14369246
NP_415525.2;0.11841819
NP_415526.4;0.9975331
NP_415527.4;0.07625294
NP_415528.1;0.047891468
NP_415529.1;0.031658024
NP_415530.1;0.049398124
NP_415531.2;0.06924564
NP_415532.3;0.24260569
NP_415533.1;0.10291824
NP_415534.1;0.99812293
NP_415535.1;0.9952627
NP_415537.1;0.01611185
NP_415538.1;0.9913383
NP_415539.1;0.031152874
NP_415540.1;0.8534248
NP_415541.1;0.9840772
NP_415542.1;0.015305519
NP_415543.1;0.017647892
NP_415544.1;0.97093743
NP_415545.1;0.214786
NP_415546.2;0.03621593
NP_415548.1;0.76842606
NP_415551.2;0.030896068
NP_415552.1;0.020841688
NP_415553.1;0.3193051
NP_415554.4;0.8991639
NP_415555.1;0.030116677
NP_415556.1;0.73962677
NP_415557.1;0.48273155
NP_415558.1;0.6749758
NP_415559.1;0.38965085
NP_415560.1;0.1941933
NP_415561.1;0.38570055
NP_415562.1;0.6890488
NP_415563.1;0.03629768
NP_415564.2;0.42650688
NP_415565.1;0.4228809
NP_415566.1;0.047876775
NP_415567.1;0.9981332
NP_415568.1;0.15876466
NP_415569.4;0.037812203
NP_415571.1;0.99748707
NP_415572.1;0.91950434
NP_415573.1;0.021049887
NP_415574.1;0.1500847
NP_415575.1;0.40735835
NP_415576.1;0.24172115
NP_415577.1;0.021152139
NP_415578.3;0.4835478
NP_415579.1;0.21379468
NP_415580.1;0.021067172
NP_415581.1;0.10779768
NP_415582.1;0.028125316
NP_415583.4;0.99706876
NP_415584.1;0.061286062
NP_415585.1;0.027382731
NP_415586.1;0.7277756
NP_415587.1;0.9971285
NP_415588.1;0.7080168
NP_415589.1;0.10937315
NP_415590.1;0.03418848
NP_415591.1;0.07943046
NP_415592.1;0.15581965
NP_415593.1;0.4831548
NP_415594.1;0.34439522
NP_415595.1;0.021584868
NP_415596.1;0.26004338
NP_415597.1;0.84511274
NP_415598.3;0.06926635
NP_415599.1;0.32993385
NP_415600.1;0.99713004
NP_415601.1;0.05960384
NP_415602.1;0.01229611
NP_415603.2;0.060091287
NP_415604.1;0.024718076
NP_415605.2;0.02608493
NP_415606.1;0.027061403
NP_415607.1;0.055327445
NP_415608.2;0.47448924
NP_415609.1;0.031986117
NP_415610.1;0.5021787
NP_415611.1;0.32711807
NP_415612.1;0.05487901
NP_415613.1;0.018411964
NP_415614.1;0.08345434
NP_415615.1;0.11546618
NP_415616.1;0.036583602
NP_415617.1;0.02942288
NP_415618.1;0.03014481
NP_415619.1;0.99751437
NP_415620.1;0.9974107
NP_415621.3;0.02888468
NP_415622.1;0.5332441
NP_415623.1;0.3690381
NP_415624.1;0.05829671
NP_415625.1;0.020929605
NP_415626.4;0.026169807
NP_415627.1;0.9647909
NP_415628.1;0.44993463
NP_415629.4;0.04740393
NP_415630.1;0.67947066
NP_415631.1;0.13205749
NP_415632.1;0.013102412
NP_415633.1;0.9616177
NP_415634.1;0.99765134
NP_415635.4;0.6403916
NP_415636.1;0.996263
NP_415637.1;0.020662427
NP_415638.3;0.02163446
NP_415639.1;0.74788433
NP_415640.2;0.082172155
NP_415641.1;0.9930427
NP_415642.1;0.95892024
NP_415643.3;0.9876138
NP_415644.1;0.99071795
NP_415645.1;0.018136263
NP_415646.4;0.026117504
NP_415647.1;0.019616097
NP_415648.1;0.021479696
NP_415649.1;0.01718244
NP_415650.1;0.091180086
NP_415651.4;0.022026211
NP_415652.1;0.07427588
NP_415653.4;0.02497372
NP_415654.1;0.032001704
NP_415655.1;0.035788804
NP_415656.1;0.14418125
NP_415657.1;0.047858447
NP_415658.1;0.02109477
NP_415659.1;0.1537095
NP_415661.2;0.07042393
NP_415662.2;0.16406086
NP_415663.1;0.04538837
NP_415664.2;0.29094842
NP_415665.2;0.055870295
NP_415666.1;0.13548064
NP_415668.1;0.6897726
NP_415671.1;0.047020197
NP_415672.1;0.061431974
NP_415673.1;0.13363877
NP_415674.1;0.07577863
NP_415676.1;0.102220595
NP_415677.1;0.027819186
NP_415678.1;0.7259464
NP_415679.1;0.027658463
NP_415680.1;0.02208513
NP_415681.1;0.018319577
NP_415682.1;0.20520675
NP_415683.1;0.09502834
NP_415684.1;0.40286946
NP_415685.1;0.12095159
NP_415686.2;0.053476304
NP_415689.2;0.7912582
NP_415690.5;0.6227074
NP_415692.1;0.048782527
NP_415693.1;0.021176308
NP_415694.1;0.056914747
NP_415695.1;0.22649598
NP_415696.1;0.30179486
NP_415697.5;0.11160049
NP_415698.1;0.040097207
NP_415699.5;0.02958408
NP_415700.4;0.41897058
NP_415701.1;0.13176122
NP_415702.1;0.020170718
NP_415703.3;0.47507638
NP_415704.1;0.9968325
NP_415705.1;0.0810917
NP_415706.1;0.040436506
NP_415707.1;0.018346041
NP_415708.1;0.9898182
NP_415709.2;0.9658402
NP_415710.1;0.02231443
NP_415711.2;0.085535735
NP_415712.1;0.7674948
NP_415713.1;0.7873118
NP_415714.1;0.06260389
NP_415715.1;0.99190104
NP_415716.4;0.018573582
NP_415717.1;0.030161649
NP_415718.6;0.22356468
NP_415719.2;0.99806714
NP_415720.1;0.017600983
NP_415721.1;0.024425298
NP_415722.1;0.031419843
NP_415723.1;0.6031791
NP_415724.2;0.99759793
NP_415725.1;0.02132219
NP_415726.1;0.025826246
NP_415727.1;0.5179465
NP_415728.1;0.020569384
NP_415729.1;0.018389255
NP_415730.1;0.027905315
NP_415731.1;0.12699193
NP_415732.1;0.055226594
NP_415733.1;0.037729084
NP_415734.1;0.7982328
NP_415735.1;0.034197748
NP_415736.2;0.30328083
NP_415737.1;0.06999135
NP_415738.2;0.9897711
NP_415739.1;0.091591775
NP_415740.1;0.95311856
NP_415741.1;0.99732864
NP_415742.1;0.9978967
NP_415743.1;0.99760413
NP_415744.1;0.3535707
NP_415745.1;0.09132713
NP_415747.2;0.06536612
NP_415748.1;0.020626158
NP_415749.1;0.040270925
NP_415750.2;0.05865082
NP_415751.1;0.03152725
NP_415752.1;0.020093083
NP_415753.1;0.027026415
NP_415754.1;0.073317796
NP_415757.1;0.99804485
NP_415758.1;0.9138243
NP_415759.1;0.997972
NP_415760.1;0.99531627
NP_415761.1;0.81714404
NP_415763.1;0.7945701
NP_415764.4;0.04274836
NP_415765.1;0.022526145
NP_415766.1;0.99702716
NP_415767.2;0.05449456
NP_415768.1;0.11750862
NP_415769.1;0.379039
NP_415770.1;0.30888763
NP_415771.1;0.05564922
NP_415772.1;0.73967797
NP_415773.1;0.0658811
NP_415774.1;0.0862551
NP_415775.4;0.33697388
NP_415776.1;0.03482622
NP_415777.1;0.01861617
NP_415778.3;0.017099917
NP_415779.1;0.997958
NP_415780.1;0.022853643
NP_415781.1;0.090476364
NP_415782.1;0.030852824
NP_415783.6;0.0565733
NP_415784.1;0.38428575
NP_415785.1;0.024815798
NP_415786.1;0.33089173
NP_415787.1;0.03134808
NP_415788.1;0.95754075
NP_415789.1;0.061938256
NP_415790.1;0.012189418
NP_415791.1;0.024330527
NP_415792.1;0.015585005
NP_415793.1;0.0699355
NP_415794.1;0.99377024
NP_415795.1;0.68388486
NP_415796.1;0.6820872
NP_415797.1;0.038054407
NP_415798.2;0.13669586
NP_415799.1;0.8305362
NP_415800.1;0.7931677
NP_415801.1;0.99462724
NP_415802.1;0.012825131
NP_415803.2;0.07723552
NP_415804.1;0.98168683
NP_415805.1;0.029489487
NP_415806.1;0.9458229
NP_415807.1;0.8686248
NP_415808.1;0.9949791
NP_415809.1;0.9580622
NP_415810.1;0.9972218
NP_415811.1;0.06846413
NP_415812.4;0.99441874
NP_415813.4;0.01776582
NP_415814.4;0.04385075
NP_415815.1;0.029937595
NP_415816.1;0.021008193
NP_415817.1;0.018022388
NP_415818.1;0.87650466
NP_415819.4;0.023620397
NP_415820.1;0.028246075
NP_415821.1;0.22003898
NP_415822.1;0.14882997
NP_415823.1;0.1069459
NP_415824.1;0.5985953
NP_415825.4;0.017560244
NP_415826.1;0.9963058
NP_415827.1;0.6799736
NP_415828.1;0.9916258
NP_415829.1;0.019892186
NP_415830.2;0.029158175
NP_415831.1;0.04918441
NP_415832.1;0.01369369
NP_415833.1;0.69197065
NP_415835.1;0.75418687
NP_415836.1;0.03133571
NP_415837.1;0.9973302
NP_415838.1;0.019200474
NP_415839.1;0.020807534
NP_415840.1;0.09790674
NP_415841.4;0.027328908
NP_415842.2;0.0300695
NP_415843.2;0.07952106
NP_415844.1;0.28163168
NP_415845.2;0.9944595
NP_415846.1;0.9711693
NP_415847.1;0.024158895
NP_415848.1;0.88723516
NP_415849.1;0.029477626
NP_415850.1;0.043117642
NP_415851.1;0.10262495
NP_415852.2;0.9967791
NP_415853.1;0.017007649
NP_415854.4;0.030133426
NP_415855.1;0.38644123
NP_415856.1;0.14392865
NP_415857.2;0.025461763
NP_415858.1;0.054484695
NP_415859.1;0.017545313
NP_415860.1;0.020873785
NP_415861.1;0.026927412
NP_415862.4;0.05550468
NP_415863.1;0.054062545
NP_415864.1;0.090198785
NP_415865.1;0.023814768
NP_415866.1;0.015856415
NP_415867.1;0.061317354
NP_415869.2;0.066960424
NP_415870.4;0.17214212
NP_415872.2;0.4149839
NP_415873.2;0.10229561
NP_415874.1;0.0917452
NP_415875.1;0.098073006
NP_415876.1;0.06862116
NP_415877.1;0.28079215
NP_415878.1;0.16182452
NP_415881.1;0.9579953
NP_415883.1;0.06453207
NP_415888.1;0.024937898
NP_415890.2;0.01211077
NP_415891.1;0.14045832
NP_415892.1;0.13334864
NP_415893.2;0.47722054
NP_415894.4;0.09780821
NP_415895.1;0.9683554
NP_415896.1;0.99806297
NP_415897.1;0.52463764
NP_415898.1;0.03326142
NP_415899.1;0.9967586
NP_415900.1;0.33213735
NP_415901.2;0.1498554
NP_415902.1;0.09135279
NP_415903.4;0.02043733
NP_415904.3;0.92332745
NP_415905.1;0.9980605
NP_415906.1;0.6401423
NP_415907.1;0.053634822
NP_415908.1;0.7427087
NP_415909.4;0.095130175
NP_415910.1;0.030781388
NP_415911.1;0.7372289
NP_415912.1;0.05681345
NP_415913.1;0.99802333
NP_415914.1;0.8007353
NP_415915.1;0.03074956
NP_415916.1;0.017789245
NP_415917.1;0.8413656
NP_415918.1;0.021977782
NP_415920.1;0.022966743
NP_415921.2;0.09178713
NP_415922.1;0.023411006
NP_415924.1;0.028508335
NP_415925.2;0.02385658
NP_415926.4;0.72514975
NP_415927.1;0.7685232
NP_415928.1;0.016722858
NP_415929.1;0.95836914
NP_415930.1;0.030449718
NP_415931.4;0.013388783
NP_415932.1;0.028816938
NP_415933.1;0.017031223
NP_415935.2;0.1984568
NP_415936.1;0.59859437
NP_415937.1;0.07165137
NP_415938.1;0.9560013
NP_415939.2;0.06729719
NP_415940.1;0.015149057
NP_415941.5;0.017543554
NP_415943.4;0.05478728
NP_415944.1;0.051593125
NP_415945.1;0.10920367
NP_415946.1;0.99343723
NP_415947.1;0.027731568
NP_415948.1;0.80762756
NP_415949.2;0.018458456
NP_415950.4;0.99713767
NP_415951.1;0.045184255
NP_415952.2;0.015496284
NP_415953.1;0.054498166
NP_415954.2;0.16570768
NP_415955.2;0.05999285
NP_415956.1;0.017915249
NP_415957.1;0.99502295
NP_415958.1;0.9944852
NP_415959.1;0.9908534
NP_415960.1;0.9524044
NP_415961.1;0.024240345
NP_415962.2;0.52635086
NP_415963.1;0.10186648
NP_415964.1;0.9196574
NP_415965.1;0.049461573
NP_415966.6;0.07400793
NP_415967.2;0.24900064
NP_415968.1;0.9980645
NP_415969.1;0.9899576
NP_415970.4;0.9980045
NP_415971.1;0.11281729
NP_415972.1;0.31844765
NP_415974.1;0.117824286
NP_415977.1;0.018095165
NP_415978.1;0.26594502
NP_415979.2;0.026746392
NP_415980.1;0.026168346
NP_415981.1;0.03784299
NP_415982.1;0.894683
NP_415983.1;0.027194172
NP_415984.1;0.9954522
NP_415985.1;0.9981125
NP_415986.1;0.9980028
NP_415990.5;0.9950837
NP_415991.1;0.998162
NP_415992.1;0.03038457
NP_415993.1;0.8356788
NP_415994.4;0.102368444
NP_415995.4;0.021348715
NP_415996.2;0.016577393
NP_415997.1;0.114391774
NP_415998.4;0.09044728
NP_415999.1;0.049295098
NP_416000.1;0.16680166
NP_416001.1;0.9978622
NP_416002.1;0.9926766
NP_416003.1;0.038640082
NP_416004.1;0.032062054
NP_416005.1;0.04573068
NP_416006.4;0.99803376
NP_416007.3;0.020415723
NP_416008.1;0.99558085
NP_416009.1;0.99602497
NP_416010.1;0.018207341
NP_416011.1;0.015609115
NP_416012.1;0.9979749
NP_416013.1;0.9962542
NP_416014.4;0.041382402
NP_416015.2;0.017558038
NP_416016.1;0.028775454
NP_416017.1;0.21688041
NP_416018.1;0.023186535
NP_416019.1;0.03905967
NP_416020.1;0.32727993
NP_416021.1;0.5814666
NP_416024.1;0.046598762
NP_416025.1;0.16189769
NP_416028.3;0.020747364
NP_416029.1;0.04032907
NP_416030.1;0.9974872
NP_416031.1;0.9943317
NP_416032.1;0.99469936
NP_416033.1;0.77375156
NP_416034.1;0.020920157
NP_416035.1;0.027793914
NP_416036.1;0.05513063
NP_416037.2;0.060333103
NP_416039.1;0.96556056
NP_416040.1;0.09490648
NP_416041.1;0.113212585
NP_416042.2;0.014799327
NP_416043.1;0.029661387
NP_416044.1;0.031022966
NP_416045.1;0.98064387
NP_416046.1;0.7798332
NP_416047.4;0.3476553
NP_416048.2;0.17449427
NP_416049.1;0.16800112
NP_416050.4;0.9928603
NP_416051.1;0.99527556
NP_416052.1;0.030074626
NP_416054.1;0.27846092
NP_416055.1;0.16653767
NP_416056.1;0.014655679
NP_416057.1;0.061633915
NP_416058.1;0.020630002
NP_416059.1;0.10395637
NP_416060.1;0.020490766
NP_416062.2;0.42305523
NP_416063.1;0.12578446
NP_416064.1;0.14004695
NP_416065.1;0.038730115
NP_416067.2;0.050326854
NP_416068.2;0.14566612
NP_416069.2;0.22093269
NP_416070.1;0.15317199
NP_416071.1;0.118009984
NP_416072.1;0.110593736
NP_416073.1;0.051149845
NP_416074.4;0.819851
NP_416075.1;0.21907902
NP_416076.1;0.080519885
NP_416077.4;0.066275865
NP_416078.4;0.024678946
NP_416079.1;0.24230275
NP_416080.1;0.48010653
NP_416081.1;0.05511126
NP_416082.1;0.10926899
NP_416083.1;0.101520985
NP_416084.1;0.17813113
NP_416087.1;0.092699766
NP_416088.1;0.04187578
NP_416089.1;0.47820893
NP_416090.2;0.14456236
NP_416091.1;0.114869565
NP_416092.1;0.46428195
NP_416093.1;0.09860766
NP_416097.1;0.02142945
NP_416098.1;0.988398
NP_416099.1;0.7295723
NP_416100.1;0.06331998
NP_416101.1;0.075597376
NP_416102.2;0.37341696
NP_416103.2;0.26443046
NP_416104.1;0.9976171
NP_416105.4;0.998152
NP_416106.1;0.02118817
NP_416107.1;0.31237507
NP_416108.2;0.49778515
NP_416109.2;0.9954975
NP_416110.4;0.0300605
NP_416111.1;0.024563432
NP_416112.1;0.019296378
NP_416113.1;0.9919174
NP_416114.2;0.12161261
NP_416115.1;0.18697777
NP_416116.1;0.80743736
NP_416117.1;0.81399715
NP_416118.1;0.9651908
NP_416119.1;0.997404
NP_416120.1;0.99680936
NP_416121.1;0.76739216
NP_416122.1;0.99702144
NP_416123.1;0.056783557
NP_416124.1;0.20194447
NP_416125.2;0.43171528
NP_416126.1;0.029630333
NP_416127.1;0.020568073
NP_416128.1;0.029765278
NP_416129.1;0.017703265
NP_416130.3;0.01991725
NP_416131.1;0.026567757
NP_416132.2;0.99560654
NP_416133.1;0.99707544
NP_416134.1;0.99576205
NP_416135.1;0.14112717
NP_416136.1;0.11447534
NP_416137.1;0.020187408
NP_416138.1;0.9971127
NP_416139.1;0.13306925
NP_416140.1;0.019517064
NP_416141.4;0.045062482
NP_416142.1;0.03332585
NP_416143.2;0.71924114
NP_416144.1;0.69597876
NP_416145.1;0.029723734
NP_416146.1;0.012644649
NP_416147.1;0.06992847
NP_416148.1;0.22654024
NP_416149.1;0.061035603
NP_416150.1;0.032066554
NP_416151.1;0.98967946
NP_416152.1;0.037366927
NP_416153.1;0.04169205
NP_416154.1;0.016732872
NP_416155.1;0.027686566
NP_416156.4;0.13742366
NP_416157.1;0.017757207
NP_416159.2;0.3243193
NP_416160.1;0.50257766
NP_416161.4;0.10127753
NP_416162.1;0.9974395
NP_416163.1;0.061136633
NP_416165.2;0.038973838
NP_416166.3;0.041306704
NP_416167.1;0.114804745
NP_416168.1;0.26028496
NP_416169.1;0.12388757
NP_416170.1;0.9980736
NP_416171.1;0.22795668
NP_416172.1;0.6692909
NP_416173.1;0.045401603
NP_416174.1;0.9946697
NP_416175.1;0.033730656
NP_416176.1;0.031766742
NP_416178.1;0.0675638
NP_416179.1;0.027323484
NP_416181.1;0.9972242
NP_416182.1;0.38796532
NP_416183.1;0.017567396
NP_416184.1;0.029485881
NP_416185.1;0.10113266
NP_416186.4;0.026503444
NP_416187.1;0.027432948
NP_416188.1;0.014738709
NP_416189.1;0.027582914
NP_416190.1;0.23187837
NP_416191.1;0.019551009
NP_416192.1;0.2109774
NP_416193.1;0.030124813
NP_416194.1;0.099571735
NP_416195.1;0.018330753
NP_416196.1;0.021612048
NP_416197.1;0.6040127
NP_416198.2;0.018245697
NP_416199.1;0.40244403
NP_416200.2;0.11988518
NP_416201.1;0.061335027
NP_416202.1;0.99816394
NP_416203.1;0.9945679
NP_416204.2;0.37789494
NP_416205.1;0.99451035
NP_416206.6;0.99582374
NP_416207.1;0.91045743
NP_416208.1;0.10365799
NP_416209.1;0.018835992
NP_416210.4;0.0224486
NP_416211.1;0.11623314
NP_416212.1;0.12447265
NP_416213.1;0.023994893
NP_416214.1;0.09868652
NP_416215.1;0.27419642
NP_416216.5;0.025708497
NP_416217.1;0.024524242
NP_416218.1;0.027184576
NP_416219.1;0.045105994
NP_416220.1;0.10885611
NP_416221.1;0.030462801
NP_416222.1;0.41282725
NP_416223.1;0.26138234
NP_416224.1;0.05037889
NP_416225.1;0.34603786
NP_416226.1;0.9932517
NP_416227.1;0.041258305
NP_416228.1;0.016261727
NP_416229.1;0.03608519
NP_416230.1;0.15009701
NP_416231.1;0.029465646
NP_416232.3;0.047335446
NP_416233.1;0.027409136
NP_416234.1;0.014329225
NP_416236.1;0.9023814
NP_416237.3;0.1058695
NP_416238.1;0.07295552
NP_416239.1;0.030124575
NP_416240.1;0.1423276
NP_416241.1;0.12181291
NP_416242.6;0.10298461
NP_416243.1;0.99735135
NP_416244.2;0.07640302
NP_416245.2;0.1445187
NP_416247.1;0.24739131
NP_416248.1;0.01897356
NP_416249.1;0.045618325
NP_416250.1;0.5752545
NP_416251.1;0.99718505
NP_416252.1;0.48750922
NP_416253.1;0.19767675
NP_416254.1;0.024464697
NP_416255.1;0.098962665
NP_416256.2;0.17226258
NP_416257.1;0.14698309
NP_416258.1;0.027326047
NP_416259.1;0.028882146
NP_416260.1;0.016460747
NP_416261.1;0.024814397
NP_416262.1;0.01775068
NP_416263.1;0.027233124
NP_416264.4;0.6798052
NP_416265.4;0.059259653
NP_416266.1;0.99207413
NP_416267.1;0.13069716
NP_416268.2;0.9950232
NP_416269.4;0.99443877
NP_416270.1;0.9794525
NP_416271.4;0.6907531
NP_416272.2;0.9535136
NP_416273.1;0.03685251
NP_416274.1;0.2773384
NP_416275.1;0.99716717
NP_416276.4;0.027505696
NP_416277.1;0.2655709
NP_416278.1;0.04669231
NP_416279.1;0.076721996
NP_416280.1;0.9978194
NP_416281.1;0.026045173
NP_416282.4;0.027884543
NP_416283.1;0.9948023
NP_416284.1;0.11577389
NP_416285.1;0.042014956
NP_416286.4;0.032263726
NP_416287.1;0.027108043
NP_416288.1;0.022468626
NP_416289.1;0.99806
NP_416290.1;0.03020215
NP_416291.4;0.39660406
NP_416292.1;0.027330041
NP_416293.1;0.017026335
NP_416294.4;0.03236872
NP_416295.1;0.56824
NP_416296.1;0.5838277
NP_416297.1;0.016082048
NP_416298.1;0.018183917
NP_416299.1;0.9938357
NP_416300.2;0.059362322
NP_416301.1;0.13890779
NP_416302.2;0.4282638
NP_416303.1;0.15661088
NP_416304.1;0.07302788
NP_416305.1;0.99581337
NP_416306.2;0.0320172
NP_416307.1;0.08489433
NP_416308.4;0.03379762
NP_416309.1;0.7684678
NP_416310.1;0.10500032
NP_416311.1;0.054328114
NP_416312.1;0.9693706
NP_416313.4;0.8340127
NP_416314.1;0.024074942
NP_416315.1;0.98958737
NP_416316.1;0.023568809
NP_416317.1;0.25118384
NP_416318.1;0.11025861
NP_416319.1;0.98799956
NP_416320.1;0.45064348
NP_416321.1;0.069954336
NP_416322.1;0.017054439
NP_416323.4;0.3748604
NP_416324.2;0.36790442
NP_416325.1;0.079077005
NP_416326.1;0.3225469
NP_416327.1;0.034220666
NP_416328.1;0.01787591
NP_416329.4;0.13604137
NP_416330.1;0.9956447
NP_416331.1;0.9969169
NP_416332.1;0.42651415
NP_416333.4;0.03027904
NP_416334.1;0.53703535
NP_416335.4;0.7628667
NP_416336.1;0.028020501
NP_416337.1;0.1491226
NP_416338.1;0.22226116
NP_416339.1;0.18643454
NP_416340.1;0.5584106
NP_416341.1;0.34425583
NP_416342.4;0.99710876
NP_416343.1;0.38532743
NP_416344.1;0.99615824
NP_416346.4;0.44152877
NP_416347.1;0.020846456
NP_416348.2;0.9975455
NP_416349.2;0.017312914
NP_416350.4;0.08372313
NP_416351.2;0.22228676
NP_416352.4;0.025958627
NP_416353.1;0.21086448
NP_416354.1;0.653717
NP_416355.1;0.13717055
NP_416356.1;0.077409
NP_416357.1;0.052665055
NP_416358.1;0.027320653
NP_416359.1;0.0124816
NP_416360.1;0.95243376
NP_416361.2;0.37215978
NP_416362.1;0.0683538
NP_416363.1;0.01807326
NP_416364.1;0.11766443
NP_416365.1;0.9962929
NP_416366.1;0.026126444
NP_416367.1;0.041744024
NP_416368.1;0.0170829
NP_416369.1;0.021476626
NP_416370.2;0.12090129
NP_416371.4;0.7175782
NP_416372.1;0.33551747
NP_416373.1;0.99100757
NP_416374.1;0.02106765
NP_416375.1;0.027270943
NP_416376.2;0.068461955
NP_416377.1;0.029982775
NP_416378.1;0.02620387
NP_416379.1;0.07274583
NP_416380.1;0.018630058
NP_416381.2;0.0705764
NP_416382.1;0.031289756
NP_416383.4;0.7528298
NP_416384.1;0.06429556
NP_416385.1;0.031947583
NP_416386.4;0.9980928
NP_416387.1;0.54462683
NP_416389.4;0.03916034
NP_416390.1;0.017108917
NP_416391.4;0.039511055
NP_416392.1;0.5470272
NP_416393.1;0.9981255
NP_416394.1;0.06773591
NP_416395.1;0.09024471
NP_416396.1;0.12220803
NP_416397.1;0.023989707
NP_416398.1;0.054762572
NP_416399.1;0.27580047
NP_416400.1;0.21377987
NP_416401.1;0.27621767
NP_416402.1;0.02495712
NP_416403.1;0.4299258
NP_416404.1;0.74034023
NP_416405.1;0.34402865
NP_416406.4;0.28378624
NP_416407.1;0.097150296
NP_416408.1;0.083236694
NP_416409.1;0.07895586
NP_416410.1;0.03636813
NP_416411.1;0.3754827
NP_416413.1;0.8572593
NP_416414.1;0.9514584
NP_416415.1;0.23086652
NP_416416.2;0.07314676
NP_416417.1;0.102850765
NP_416418.1;0.10095146
NP_416419.1;0.28999367
NP_416420.1;0.99600345
NP_416421.1;0.027463257
NP_416422.1;0.5557547
NP_416423.4;0.017195582
NP_416424.1;0.046643466
NP_416425.1;0.22022915
NP_416426.1;0.8807237
NP_416427.1;0.9810736
NP_416428.1;0.6643962
NP_416429.4;0.02465871
NP_416430.1;0.84227
NP_416431.2;0.048925936
NP_416432.3;0.07322922
NP_416433.1;0.034435272
NP_416434.1;0.01955828
NP_416435.1;0.08523652
NP_416436.1;0.07391694
NP_416437.1;0.02105552
NP_416438.1;0.31532305
NP_416439.1;0.9967928
NP_416440.1;0.1852383
NP_416442.1;0.20753503
NP_416447.1;0.10087013
NP_416448.1;0.9760188
NP_416449.1;0.025102913
NP_416450.2;0.20835671
NP_416451.1;0.9979624
NP_416452.1;0.06681758
NP_416453.1;0.42537007
NP_416454.1;0.0847339
NP_416455.1;0.028414607
NP_416456.1;0.1254175
NP_416457.4;0.30493218
NP_416458.1;0.9944583
NP_416459.1;0.6791957
NP_416460.1;0.9763572
NP_416461.1;0.5368091
NP_416462.1;0.11053261
NP_416463.4;0.055194885
NP_416464.1;0.108340174
NP_416465.2;0.018335879
NP_416466.1;0.12001544
NP_416467.1;0.9073248
NP_416468.1;0.9879136
NP_416469.1;0.09475234
NP_416470.1;0.017831266
NP_416471.1;0.021376252
NP_416472.2;0.44838136
NP_416476.1;0.030368447
NP_416477.1;0.97576594
NP_416478.2;0.20811605
NP_416479.1;0.11917773
NP_416480.1;0.40050617
NP_416481.1;0.3049727
NP_416482.1;0.046583086
NP_416483.4;0.13938934
NP_416484.2;0.042563766
NP_416485.4;0.011505514
NP_416488.1;0.9980645
NP_416489.1;0.017760366
NP_416490.1;0.061627597
NP_416491.3;0.99562144
NP_416492.1;0.06355819
NP_416493.1;0.041744113
NP_416494.1;0.024162918
NP_416495.1;0.030801266
NP_416496.1;0.5121545
NP_416497.1;0.023066103
NP_416498.1;0.025009364
NP_416500.1;0.022966743
NP_416505.2;0.13630468
NP_416506.1;0.030700594
NP_416507.1;0.05375552
NP_416508.1;0.07989386
NP_416509.1;0.09040403
NP_416511.4;0.043584704
NP_416512.1;0.99437773
NP_416513.1;0.03049314
NP_416514.4;0.6284354
NP_416515.1;0.16582212
NP_416516.1;0.31178486
NP_416517.1;0.783423
NP_416518.2;0.9980489
NP_416519.4;0.12165606
NP_416520.1;0.030635566
NP_416521.2;0.10464904
NP_416522.1;0.053348422
NP_416523.1;0.050778687
NP_416524.1;0.017411143
NP_416525.1;0.022234976
NP_416526.4;0.053318083
NP_416527.1;0.060137212
NP_416528.2;0.025926977
NP_416529.1;0.022449851
NP_416530.1;0.035236716
NP_416531.4;0.93784124
NP_416532.1;0.030338913
NP_416533.1;0.018103242
NP_416535.1;0.024158895
NP_416536.1;0.034575522
NP_416537.1;0.031716436
NP_416538.1;0.026359618
NP_416539.1;0.99368906
NP_416540.1;0.98995626
NP_416541.1;0.99500144
NP_416542.1;0.0335941
NP_416543.1;0.98917365
NP_416544.1;0.037017107
NP_416545.1;0.020427883
NP_416546.1;0.07638249
NP_416547.1;0.03309107
NP_416548.1;0.018404335
NP_416549.1;0.0147807
NP_416550.1;0.9973895
NP_416551.1;0.99802965
NP_416552.1;0.017401248
NP_416553.1;0.017186433
NP_416554.1;0.02122888
NP_416555.2;0.07895681
NP_416556.1;0.027743906
NP_416557.1;0.027688086
NP_416558.1;0.087293744
NP_416559.1;0.32423526
NP_416560.1;0.9898405
NP_416561.1;0.017869025
NP_416562.1;0.027488828
NP_416563.1;0.06557733
NP_416564.4;0.9980497
NP_416565.1;0.048188448
NP_416566.1;0.9824991
NP_416567.4;0.8644956
NP_416568.1;0.97211015
NP_416569.1;0.057021618
NP_416570.2;0.046447456
NP_416571.1;0.9980102
NP_416572.1;0.6618993
NP_416573.4;0.017462224
NP_416574.1;0.19788504
NP_416575.1;0.44866073
NP_416576.1;0.12669283
NP_416577.1;0.11556432
NP_416578.2;0.9973222
NP_416579.1;0.99797076
NP_416580.1;0.9979063
NP_416581.1;0.9963464
NP_416582.1;0.018611789
NP_416583.1;0.020818979
NP_416584.4;0.30060834
NP_416585.1;0.018243968
NP_416586.1;0.03606233
NP_416589.2;0.17182752
NP_416590.1;0.020382315
NP_416592.2;0.03621593
NP_416593.1;0.214786
NP_416594.1;0.026744962
NP_416596.1;0.28833807
NP_416597.1;0.47239918
NP_416598.1;0.020890445
NP_416599.2;0.020636559
NP_416600.4;0.025060296
NP_416601.1;0.997259
NP_416602.1;0.022341132
NP_416603.1;0.031749547
NP_416604.1;0.061187416
NP_416605.2;0.80847836
NP_416606.1;0.14351955
NP_416607.1;0.029064804
NP_416608.1;0.05405456
NP_416609.1;0.9646374
NP_416610.4;0.16900462
NP_416611.1;0.98582274
NP_416612.1;0.99804187
NP_416613.1;0.039804876
NP_416614.1;0.8292509
NP_416615.1;0.6777315
NP_416616.4;0.022798538
NP_416617.1;0.9832064
NP_416621.1;0.014704168
NP_416623.2;0.021404505
NP_416624.1;0.015668094
NP_416625.1;0.02257222
NP_416627.2;0.114227
NP_416628.1;0.1426441
NP_416629.4;0.022450715
NP_416630.1;0.99791706
NP_416631.1;0.029720783
NP_416632.1;0.98328066
NP_416633.1;0.95636284
NP_416634.1;0.9955911
NP_416635.1;0.96760106
NP_416636.1;0.023162067
NP_416637.1;0.017278701
NP_416638.4;0.9864135
NP_416639.2;0.828262
NP_416640.2;0.03282246
NP_416641.1;0.02934894
NP_416645.1;0.026665628
NP_416646.1;0.69000345
NP_416647.1;0.6763156
NP_416648.1;0.054043084
NP_416649.1;0.027585298
NP_416650.1;0.28571218
NP_416651.1;0.97860783
NP_416652.4;0.025657892
NP_416653.1;0.96472156
NP_416654.1;0.96272016
NP_416655.1;0.9954884
NP_416656.1;0.024412751
NP_416657.1;0.9975046
NP_416658.1;0.07736382
NP_416659.1;0.07805574
NP_416660.1;0.99805236
NP_416661.1;0.9962758
NP_416662.1;0.028351486
NP_416663.1;0.9960052
NP_416664.1;0.021236598
NP_416665.1;0.018701583
NP_416666.1;0.997021
NP_416667.1;0.03600347
NP_416668.3;0.16663909
NP_416669.1;0.99621224
NP_416670.1;0.7272292
NP_416671.1;0.097088695
NP_416672.1;0.9967377
NP_416673.1;0.088921994
NP_416674.1;0.9931377
NP_416675.1;0.9927118
NP_416676.4;0.059565812
NP_416677.1;0.022567362
NP_416678.1;0.05949229
NP_416679.4;0.96486926
NP_416680.1;0.08549398
NP_416681.1;0.65115035
NP_416682.4;0.9980433
NP_416683.1;0.9953344
NP_416684.1;0.9947416
NP_416685.1;0.99187505
NP_416686.1;0.11403677
NP_416687.1;0.9931328
NP_416688.1;0.023144662
NP_416689.1;0.01519236
NP_416690.1;0.044262826
NP_416691.1;0.023734272
NP_416692.1;0.065835446
NP_416693.1;0.34773427
NP_416696.1;0.024158895
NP_416697.1;0.027480274
NP_416698.1;0.2865671
NP_416699.1;0.76292795
NP_416700.1;0.99721897
NP_416701.1;0.0627546
NP_416702.1;0.38959277
NP_416703.1;0.44650358
NP_416704.1;0.94619834
NP_416705.2;0.8456614
NP_416706.1;0.44644174
NP_416707.4;0.5999695
NP_416708.1;0.68878293
NP_416709.1;0.03308049
NP_416710.1;0.1352346
NP_416711.1;0.09371734
NP_416712.1;0.40499872
NP_416713.1;0.28946587
NP_416714.1;0.02523464
NP_416715.1;0.99791956
NP_416716.1;0.34775525
NP_416717.1;0.027799636
NP_416718.1;0.9297855
NP_416719.1;0.84166443
NP_416720.1;0.9874159
NP_416721.1;0.2834524
NP_416722.2;0.017137349
NP_416723.1;0.01729536
NP_416724.1;0.017861456
NP_416725.1;0.10327786
NP_416726.1;0.037840754
NP_416727.1;0.99803066
NP_416728.1;0.12383807
NP_416729.1;0.054246604
NP_416730.1;0.9754517
NP_416732.4;0.79661024
NP_416733.4;0.93580115
NP_416734.1;0.016025364
NP_416735.1;0.055416316
NP_416736.1;0.9979548
NP_416737.1;0.012670249
NP_416738.1;0.029797763
NP_416739.1;0.053444237
NP_416740.1;0.021258295
NP_416742.1;0.031512886
NP_416743.1;0.99493015
NP_416744.1;0.018850803
NP_416745.1;0.019989282
NP_416746.1;0.033453256
NP_416747.1;0.028128147
NP_416748.1;0.059402376
NP_416749.4;0.9973436
NP_416750.2;0.019414157
NP_416751.1;0.09692854
NP_416752.1;0.022490561
NP_416753.4;0.54760855
NP_416754.1;0.13297018
NP_416755.1;0.051047057
NP_416756.6;0.03378573
NP_416757.1;0.030874163
NP_416758.1;0.015204936
NP_416759.1;0.019743323
NP_416760.1;0.020905882
NP_416761.4;0.4793668
NP_416762.2;0.4271518
NP_416763.1;0.018795967
NP_416764.1;0.029937029
NP_416765.1;0.022283584
NP_416766.1;0.17835513
NP_416767.1;0.01738894
NP_416768.4;0.019012302
NP_416769.1;0.06722283
NP_416770.1;0.04189691
NP_416771.4;0.41500857
NP_416772.1;0.024546355
NP_416773.1;0.9966222
NP_416774.2;0.82708704
NP_416775.1;0.11097494
NP_416776.1;0.029104412
NP_416777.2;0.060004562
NP_416778.2;0.04416588
NP_416779.2;0.5781006
NP_416780.1;0.9957797
NP_416781.1;0.99744314
NP_416782.1;0.41109073
NP_416783.1;0.7077772
NP_416784.1;0.11187014
NP_416785.1;0.055238754
NP_416786.4;0.99807405
NP_416787.1;0.9962417
NP_416788.1;0.04978326
NP_416789.2;0.04754442
NP_416790.1;0.027139962
NP_416791.3;0.17086613
NP_416792.1;0.07737285
NP_416793.1;0.9968822
NP_416794.1;0.07353264
NP_416795.1;0.99733
NP_416796.2;0.06329292
NP_416797.2;0.04978013
NP_416798.1;0.14458245
NP_416799.1;0.025644183
NP_416800.1;0.017231643
NP_416801.2;0.9979965
NP_416802.1;0.03576535
NP_416803.3;0.33205503
NP_416804.1;0.33338475
NP_416805.1;0.034790307
NP_416806.1;0.067380875
NP_416807.1;0.03176266
NP_416808.1;0.033234745
NP_416809.1;0.74757785
NP_416810.1;0.7893348
NP_416811.1;0.9952799
NP_416812.1;0.40567446
NP_416813.1;0.7874781
NP_416814.1;0.06780255
NP_416815.1;0.017753035
NP_416816.1;0.5238981
NP_416817.2;0.040445328
NP_416818.1;0.018236041
NP_416819.1;0.025959432
NP_416820.1;0.13064721
NP_416821.1;0.022354692
NP_416822.1;0.40335912
NP_416823.1;0.019107342
NP_416824.1;0.032675654
NP_416825.1;0.9970937
NP_416826.1;0.028582275
NP_416827.4;0.9969913
NP_416828.1;0.10128653
NP_416829.1;0.026112437
NP_416830.1;0.9706594
NP_416831.1;0.06394437
NP_416832.1;0.018605322
NP_416833.4;0.020683289
NP_416834.1;0.03149718
NP_416835.2;0.28362024
NP_416836.1;0.39936697
NP_416837.1;0.36912307
NP_416838.1;0.118261695
NP_416839.1;0.69429594
NP_416841.1;0.5279317
NP_416842.1;0.069720626
NP_416843.1;0.016508222
NP_416844.1;0.017879397
NP_416845.2;0.13935935
NP_416846.2;0.99569726
NP_416847.1;0.02181089
NP_416848.1;0.6785947
NP_416849.1;0.022729605
NP_416850.1;0.018066108
NP_416851.1;0.52792436
NP_416852.1;0.040138304
NP_416853.1;0.9960176
NP_416855.1;0.06498614
NP_416858.1;0.09987971
NP_416860.4;0.09372452
NP_416861.1;0.09893444
NP_416862.2;0.049942613
NP_416863.1;0.111326456
NP_416864.1;0.0621565
NP_416865.1;0.031840116
NP_416866.1;0.9961936
NP_416867.1;0.39760336
NP_416868.1;0.9966177
NP_416869.1;0.9818262
NP_416870.1;0.33140287
NP_416871.1;0.99766576
NP_416872.4;0.042470366
NP_416873.1;0.90545994
NP_416874.1;0.015239656
NP_416875.1;0.017821342
NP_416876.1;0.36925787
NP_416877.1;0.43622506
NP_416878.1;0.8243388
NP_416879.4;0.814936
NP_416880.1;0.018842965
NP_416881.1;0.9927128
NP_416882.1;0.02886355
NP_416883.1;0.9316174
NP_416884.1;0.99805045
NP_416885.1;0.031800866
NP_416886.1;0.020668387
NP_416887.1;0.99562883
NP_416888.1;0.43305528
NP_416889.1;0.020862818
NP_416890.1;0.99724233
NP_416891.1;0.11396888
NP_416893.1;0.99745893
NP_416894.1;0.9969975
NP_416895.2;0.09479362
NP_416896.4;0.9979054
NP_416897.2;0.061587274
NP_416898.3;0.078838885
NP_416899.1;0.019044787
NP_416900.1;0.8538343
NP_416901.1;0.9969382
NP_416902.1;0.026346534
NP_416903.1;0.6708651
NP_416904.1;0.027682513
NP_416905.1;0.98297244
NP_416906.1;0.016140848
NP_416907.1;0.021617055
NP_416908.1;0.9861573
NP_416909.1;0.1508607
NP_416910.1;0.19584277
NP_416911.1;0.045003057
NP_416912.1;0.21763676
NP_416913.1;0.10112867
NP_416914.1;0.05463907
NP_416915.1;0.050162524
NP_416916.1;0.60731226
NP_416917.1;0.9821985
NP_416919.1;0.9879776
NP_416920.1;0.6000842
NP_416921.4;0.024646342
NP_416922.1;0.051018775
NP_416923.1;0.026528329
NP_416924.1;0.9342879
NP_416925.2;0.9931187
NP_416926.4;0.028487623
NP_416927.1;0.9287502
NP_416928.4;0.5901624
NP_416929.4;0.12351173
NP_416930.1;0.03647709
NP_416931.1;0.034288585
NP_416932.1;0.024263829
NP_416933.4;0.18364188
NP_416934.1;0.66792476
NP_416935.1;0.036697805
NP_416936.4;0.018071383
NP_416937.2;0.018752009
NP_416938.1;0.021036237
NP_416939.1;0.28887385
NP_416940.2;0.03650108
NP_416941.1;0.09493363
NP_416942.1;0.2979045
NP_416943.2;0.24009567
NP_416944.1;0.6441953
NP_416945.2;0.026598066
NP_416946.1;0.017278105
NP_416947.1;0.9417901
NP_416948.4;0.018177867
NP_416949.1;0.04101178
NP_416950.1;0.08525047
NP_416951.1;0.54385835
NP_416952.2;0.5163781
NP_416953.1;0.025738806
NP_416954.1;0.057449967
NP_416955.1;0.6249143
NP_416956.1;0.11966425
NP_416957.4;0.7361274
NP_416958.1;0.015595466
NP_416959.1;0.023407549
NP_416960.1;0.016777068
NP_416961.1;0.14276057
NP_416962.1;0.031501323
NP_416963.1;0.016895711
NP_416964.1;0.09383798
NP_416965.1;0.9980042
NP_416966.1;0.07162538
NP_416967.1;0.023321062
NP_416968.2;0.055590212
NP_416969.1;0.013391465
NP_416970.1;0.030356258
NP_416971.1;0.026616186
NP_416972.4;0.99295104
NP_416973.1;0.023426741
NP_416974.4;0.027290255
NP_416975.1;0.04988104
NP_416976.4;0.33512253
NP_416977.1;0.9980236
NP_416978.4;0.96971804
NP_416979.1;0.9980303
NP_416980.1;0.85406315
NP_416981.1;0.9938469
NP_416982.1;0.9980737
NP_416983.1;0.20280507
NP_416984.1;0.021580756
NP_416985.4;0.26642483
NP_416986.4;0.016238421
NP_416987.1;0.11049473
NP_416988.1;0.99571276
NP_416989.1;0.9970013
NP_416990.1;0.03896448
NP_416991.2;0.0451203
NP_416992.1;0.9965619
NP_416993.2;0.027680606
NP_416994.1;0.018254757
NP_416995.1;0.027885675
NP_416996.1;0.012588441
NP_416997.1;0.93858325
NP_416998.1;0.9964508
NP_416999.1;0.24773052
NP_417000.1;0.110224664
NP_417001.1;0.032990992
NP_417002.1;0.01696992
NP_417003.1;0.01884836
NP_417004.1;0.01779148
NP_417005.2;0.051731497
NP_417006.2;0.01639831
NP_417007.1;0.03715232
NP_417008.1;0.3186321
NP_417009.1;0.015732855
NP_417010.1;0.025265127
NP_417011.1;0.029537886
NP_417012.1;0.019532949
NP_417013.1;0.05881253
NP_417014.1;0.017368197
NP_417015.1;0.013013363
NP_417016.4;0.028254986
NP_417017.4;0.6665024
NP_417018.4;0.017491162
NP_417019.1;0.04943633
NP_417020.1;0.054683834
NP_417021.1;0.017974019
NP_417022.1;0.059117347
NP_417023.1;0.07994717
NP_417024.1;0.119134545
NP_417026.1;0.05003032
NP_417027.1;0.0729129
NP_417028.1;0.031552523
NP_417029.4;0.116405606
NP_417030.2;0.02844882
NP_417031.1;0.99552476
NP_417032.1;0.77968824
NP_417033.1;0.018264115
NP_417034.1;0.08155447
NP_417035.1;0.050848365
NP_417036.1;0.17927161
NP_417037.1;0.017186552
NP_417038.4;0.7431059
NP_417039.1;0.02198118
NP_417040.2;0.018509656
NP_417041.1;0.99604166
NP_417042.1;0.9605553
NP_417043.1;0.073133975
NP_417044.4;0.9980366
NP_417045.4;0.026066989
NP_417046.1;0.018778324
NP_417047.1;0.025292039
NP_417048.1;0.12488866
NP_417049.1;0.021698892
NP_417050.1;0.41266713
NP_417051.2;0.94679475
NP_417053.2;0.025586516
NP_417054.2;0.06191212
NP_417055.4;0.10509905
NP_417056.2;0.063342184
NP_417057.1;0.04042521
NP_417058.1;0.19015926
NP_417059.1;0.02983439
NP_417060.1;0.06622246
NP_417061.1;0.018140584
NP_417062.1;0.025189728
NP_417063.1;0.9771988
NP_417064.1;0.017316818
NP_417065.1;0.53670555
NP_417066.1;0.9774772
NP_417067.1;0.028184295
NP_417068.1;0.034585685
NP_417069.1;0.01789242
NP_417070.2;0.13143727
NP_417071.1;0.019453734
NP_417072.4;0.028001577
NP_417073.1;0.7801581
NP_417074.1;0.0515123
NP_417075.1;0.45544192
NP_417076.1;0.030231655
NP_417077.1;0.1464867
NP_417078.4;0.10503203
NP_417079.1;0.012565762
NP_417080.4;0.02559653
NP_417081.2;0.74752504
NP_417082.1;0.99762714
NP_417083.1;0.016546845
NP_417084.1;0.027602732
NP_417085.1;0.020549625
NP_417086.1;0.4273209
NP_417088.1;0.090516806
NP_417089.1;0.13323021
NP_417090.1;0.5568232
NP_417091.1;0.019797206
NP_417092.1;0.028133065
NP_417093.2;0.06764078
NP_417094.1;0.33170792
NP_417095.1;0.037922174
NP_417096.1;0.518503
NP_417097.1;0.027683169
NP_417098.1;0.02253133
NP_417099.4;0.028732419
NP_417100.1;0.05010256
NP_417101.1;0.99499345
NP_417102.4;0.95809174
NP_417104.1;0.027330905
NP_417105.1;0.024936646
NP_417107.2;0.4407415
NP_417108.4;0.16183451
NP_417109.1;0.41660613
NP_417110.1;0.047549963
NP_417111.1;0.02056989
NP_417112.1;0.09680903
NP_417113.1;0.2202316
NP_417114.1;0.026281595
NP_417115.1;0.027409166
NP_417116.1;0.017248005
NP_417117.1;0.020691901
NP_417118.1;0.19301859
NP_417119.1;0.028687239
NP_417120.2;0.69043255
NP_417122.1;0.025868088
NP_417123.1;0.02688387
NP_417124.4;0.3717181
NP_417125.1;0.6775286
NP_417129.1;0.99647367
NP_417130.1;0.026882201
NP_417131.1;0.049568713
NP_417132.1;0.0770019
NP_417133.1;0.20426607
NP_417134.2;0.99800956
NP_417145.4;0.024174511
NP_417146.2;0.020276338
NP_417147.1;0.017219335
NP_417148.1;0.017359674
NP_417149.1;0.9956006
NP_417150.4;0.18079624
NP_417151.1;0.063548714
NP_417152.1;0.40676105
NP_417153.1;0.15100715
NP_417154.1;0.02615416
NP_417155.1;0.052315205
NP_417156.1;0.7747233
NP_417157.1;0.059321016
NP_417158.4;0.20204747
NP_417159.1;0.04783219
NP_417160.1;0.029504657
NP_417161.1;0.9704665
NP_417162.1;0.24328038
NP_417163.1;0.9953259
NP_417164.1;0.98572344
NP_417165.1;0.55197895
NP_417167.1;0.9621444
NP_417168.1;0.2658168
NP_417169.1;0.04458034
NP_417170.1;0.9894228
NP_417171.1;0.9970633
NP_417172.1;0.048558235
NP_417173.1;0.021198303
NP_417174.1;0.9571895
NP_417175.1;0.022681385
NP_417176.1;0.10043359
NP_417177.1;0.014361501
NP_417178.1;0.07081926
NP_417179.1;0.019008249
NP_417180.1;0.09992072
NP_417181.1;0.94853836
NP_417184.1;0.070779264
NP_417185.1;0.512805
NP_417186.1;0.14374086
NP_417187.1;0.07082996
NP_417188.4;0.04374233
NP_417189.2;0.019602656
NP_417190.1;0.017846078
NP_417191.1;0.023242861
NP_417192.1;0.016649067
NP_417193.1;0.046817034
NP_417194.2;0.021934658
NP_417196.1;0.026719838
NP_417197.1;0.060119987
NP_417198.1;0.083777964
NP_417199.1;0.025936246
NP_417200.1;0.028797537
NP_417201.1;0.99600345
NP_417202.1;0.9898021
NP_417203.1;0.99713665
NP_417204.1;0.031756938
NP_417205.1;0.026147842
NP_417206.1;0.05470541
NP_417207.1;0.020104647
NP_417208.1;0.05489236
NP_417209.1;0.022828043
NP_417210.2;0.022070736
NP_417211.1;0.01713264
NP_417212.1;0.03633392
NP_417213.1;0.017372727
NP_417214.1;0.077044845
NP_417215.2;0.05554554
NP_417216.1;0.5231635
NP_417217.1;0.033210754
NP_417218.1;0.056245297
NP_417219.1;0.16665351
NP_417220.1;0.9980376
NP_417221.1;0.034097046
NP_417222.1;0.99450624
NP_417223.1;0.047095716
NP_417224.1;0.028050572
NP_417225.1;0.017749846
NP_417226.1;0.10333881
NP_417227.1;0.021220535
NP_417228.1;0.081799716
NP_417229.1;0.7447843
NP_417230.1;0.029758811
NP_417231.1;0.017739356
NP_417232.1;0.049939096
NP_417233.1;0.60213536
NP_417234.2;0.38344747
NP_417235.1;0.031866908
NP_417236.1;0.026414126
NP_417237.2;0.7154698
NP_417238.1;0.47056636
NP_417239.1;0.07530564
NP_417240.1;0.03867376
NP_417241.1;0.9939506
NP_417242.1;0.043872178
NP_417243.1;0.017207831
NP_417244.1;0.016733468
NP_417245.1;0.036423266
NP_417246.4;0.018607825
NP_417247.2;0.108999014
NP_417248.1;0.07141724
NP_417249.4;0.75770295
NP_417250.4;0.9784585
NP_417251.2;0.9973892
NP_417254.4;0.10710701
NP_417255.1;0.99794036
NP_417256.1;0.99454105
NP_417257.1;0.044968575
NP_417258.4;0.93108636
NP_417259.1;0.015333205
NP_417260.1;0.015702367
NP_417261.1;0.16766173
NP_417262.1;0.062085778
NP_417263.1;0.07494581
NP_417264.1;0.014865369
NP_417265.1;0.0136545
NP_417266.1;0.017883211
NP_417267.1;0.017808557
NP_417268.1;0.019163817
NP_417269.1;0.9972298
NP_417270.1;0.42713386
NP_417271.1;0.02406022
NP_417272.1;0.0949955
NP_417273.1;0.07790765
NP_417274.1;0.031348556
NP_417275.1;0.015012562
NP_417276.1;0.9963157
NP_417277.1;0.016590595
NP_417278.4;0.059991837
NP_417279.2;0.018840402
NP_417280.1;0.05472213
NP_417281.1;0.9974497
NP_417282.1;0.016466588
NP_417283.2;0.94866395
NP_417284.1;0.09981388
NP_417285.1;0.040016532
NP_417286.1;0.024682492
NP_417287.1;0.96293014
NP_417288.1;0.10878673
NP_417289.2;0.32928407
NP_417290.1;0.019711852
NP_417291.1;0.4818868
NP_417292.1;0.87894404
NP_417293.1;0.9647696
NP_417294.4;0.020872861
NP_417295.1;0.017585099
NP_417296.1;0.01762262
NP_417297.1;0.012091279
NP_417298.1;0.015785873
NP_417299.1;0.013379455
NP_417300.1;0.3391841
NP_417301.4;0.5252915
NP_417302.1;0.07902941
NP_417303.1;0.42549515
NP_417304.1;0.02401793
NP_417305.1;0.07112661
NP_417306.1;0.018355906
NP_417307.1;0.071495295
NP_417308.1;0.03376311
NP_417309.1;0.10479462
NP_417310.1;0.43704852
NP_417311.1;0.034182876
NP_417312.1;0.9969722
NP_417313.1;0.8737042
NP_417314.1;0.019612044
NP_417315.1;0.020481825
NP_417316.1;0.03694552
NP_417317.1;0.030312687
NP_417318.1;0.99743664
NP_417319.1;0.40793097
NP_417320.1;0.030874997
NP_417321.2;0.020728588
NP_417322.1;0.995926
NP_417323.2;0.047157794
NP_417324.1;0.024666905
NP_417325.4;0.29871258
NP_417326.2;0.5882603
NP_417328.1;0.03632438
NP_417329.1;0.022055209
NP_417330.1;0.1903508
NP_417337.1;0.022966743
NP_417338.3;0.09178713
NP_417341.4;0.0453296
NP_417342.1;0.9980737
NP_417343.1;0.097789586
NP_417344.1;0.07535401
NP_417345.1;0.014069408
NP_417347.1;0.02140811
NP_417348.1;0.02657637
NP_417349.4;0.017617226
NP_417350.1;0.03383112
NP_417351.1;0.01348415
NP_417352.2;0.031166792
NP_417353.1;0.08056709
NP_417354.1;0.012153685
NP_417355.4;0.017314076
NP_417356.1;0.029225439
NP_417357.1;0.99815106
NP_417358.2;0.99717546
NP_417359.1;0.019527823
NP_417362.4;0.5048323
NP_417363.2;0.012474805
NP_417364.2;0.99656194
NP_417365.1;0.17586213
NP_417366.1;0.01705566
NP_417367.1;0.02584079
NP_417368.1;0.017124683
NP_417369.1;0.44670063
NP_417370.1;0.03778103
NP_417371.1;0.27327117
NP_417372.1;0.42841485
NP_417373.1;0.07750672
NP_417374.1;0.06070426
NP_417375.1;0.9000251
NP_417376.1;0.10534313
NP_417377.1;0.022727877
NP_417378.1;0.021105051
NP_417379.1;0.013935149
NP_417380.1;0.033572763
NP_417381.1;0.01897493
NP_417382.1;0.05077386
NP_417383.1;0.034050673
NP_417384.1;0.015407801
NP_417385.4;0.030317217
NP_417386.1;0.049115032
NP_417387.3;0.16133174
NP_417388.1;0.12710592
NP_417389.1;0.038118273
NP_417391.1;0.022925705
NP_417392.1;0.017373353
NP_417393.1;0.03366241
NP_417394.4;0.027891666
NP_417395.1;0.02607891
NP_417396.4;0.03954804
NP_417397.1;0.05315587
NP_417398.1;0.98567605
NP_417399.1;0.8364014
NP_417400.1;0.030832857
NP_417401.1;0.017125517
NP_417402.1;0.021056592
NP_417403.1;0.04339254
NP_417404.1;0.12242171
NP_417405.1;0.023007125
NP_417408.1;0.9976437
NP_417409.1;0.071116984
NP_417411.2;0.0556733
NP_417412.1;0.02109155
NP_417413.1;0.017540425
NP_417414.2;0.1033833
NP_417415.1;0.07444283
NP_417417.1;0.020403266
NP_417418.1;0.99710923
NP_417419.1;0.028899044
NP_417420.1;0.51337165
NP_417421.4;0.053994656
NP_417422.1;0.051928073
NP_417423.4;0.058502555
NP_417424.1;0.097610205
NP_417425.2;0.040162474
NP_417426.1;0.049423873
NP_417427.1;0.92407715
NP_417428.2;0.092211515
NP_417429.1;0.060090303
NP_417430.1;0.06091377
NP_417431.1;0.03192088
NP_417432.1;0.9780842
NP_417433.1;0.32053828
NP_417434.4;0.029521763
NP_417435.1;0.026319504
NP_417436.1;0.021139413
NP_417437.1;0.05380705
NP_417438.2;0.036376
NP_417439.4;0.9958665
NP_417440.4;0.99802774
NP_417441.1;0.15608525
NP_417442.1;0.11545816
NP_417445.1;0.68998855
NP_417446.4;0.7285491
NP_417449.1;0.99737394
NP_417450.1;0.9951614
NP_417451.1;0.37810886
NP_417453.1;0.016373187
NP_417454.1;0.022872388
NP_417456.1;0.024158895
NP_417458.1;0.69659203
NP_417459.1;0.3772239
NP_417460.1;0.030044705
NP_417461.1;0.99381644
NP_417462.1;0.016350776
NP_417463.4;0.07160872
NP_417464.1;0.06312281
NP_417465.1;0.0272412
NP_417466.1;0.16797885
NP_417467.1;0.06467116
NP_417468.1;0.017682284
NP_417469.1;0.9966986
NP_417470.1;0.4932414
NP_417471.1;0.01820016
NP_417472.1;0.5117539
NP_417474.1;0.029821783
NP_417475.1;0.42266542
NP_417476.1;0.034064204
NP_417478.1;0.111678034
NP_417479.1;0.79965305
NP_417481.1;0.78885025
NP_417482.1;0.97170246
NP_417483.2;0.02830723
NP_417484.1;0.016577005
NP_417485.4;0.0376845
NP_417487.1;0.1172466
NP_417489.1;0.13092214
NP_417490.1;0.040390074
NP_417491.1;0.9981449
NP_417492.1;0.9980311
NP_417493.1;0.05334878
NP_417494.1;0.14265129
NP_417496.1;0.5706438
NP_417497.1;0.12079924
NP_417498.1;0.03800434
NP_417499.1;0.6883397
NP_417500.1;0.03179866
NP_417501.1;0.06759924
NP_417502.1;0.015342176
NP_417503.1;0.21603814
NP_417504.1;0.4588015
NP_417505.1;0.06294334
NP_417506.1;0.04511887
NP_417507.2;0.9849299
NP_417509.3;0.061017454
NP_417510.1;0.019927979
NP_417511.3;0.12828279
NP_417512.1;0.99546003
NP_417513.1;0.029215962
NP_417514.4;0.064946145
NP_417515.1;0.17675439
NP_417516.3;0.09178713
NP_417517.1;0.022966772
NP_417519.4;0.43208975
NP_417520.1;0.72039455
NP_417521.1;0.22401333
NP_417522.1;0.33808255
NP_417523.1;0.8654268
NP_417524.1;0.016210198
NP_417525.1;0.01291582
NP_417526.1;0.017325759
NP_417527.1;0.45910594
NP_417528.1;0.017808229
NP_417529.1;0.98667836
NP_417530.2;0.029495537
NP_417531.1;0.6232882
NP_417532.1;0.52033085
NP_417533.1;0.13410628
NP_417534.1;0.061238855
NP_417535.1;0.99073184
NP_417536.1;0.019676208
NP_417537.1;0.046851665
NP_417538.1;0.99557143
NP_417539.1;0.015859902
NP_417540.1;0.14951128
NP_417541.1;0.03042245
NP_417542.1;0.022365779
NP_417543.1;0.9977907
NP_417544.5;0.017223895
NP_417545.1;0.15136015
NP_417546.1;0.029277772
NP_417548.1;0.054020166
NP_417550.1;0.4748939
NP_417551.1;0.99647504
NP_417552.1;0.016050994
NP_417553.1;0.050097913
NP_417554.1;0.05314687
NP_417555.4;0.019793749
NP_417556.2;0.06307611
NP_417557.1;0.041356325
NP_417558.2;0.031871736
NP_417560.1;0.9955622
NP_417561.1;0.14032558
NP_417562.1;0.017626494
NP_417563.1;0.020969093
NP_417564.2;0.99524367
NP_417565.2;0.030133337
NP_417566.1;0.9686253
NP_417567.1;0.061582386
NP_417568.2;0.029412538
NP_417569.1;0.112130046
NP_417570.1;0.7187178
NP_417571.1;0.21024886
NP_417572.2;0.9161794
NP_417573.1;0.063898444
NP_417574.1;0.49450156
NP_417575.1;0.18890163
NP_417576.1;0.07125315
NP_417577.1;0.031318158
NP_417578.2;0.07062119
NP_417583.4;0.07152057
NP_417585.2;0.25918975
NP_417586.1;0.9971499
NP_417587.1;0.024127275
NP_417588.1;0.45163745
NP_417589.4;0.34400475
NP_417590.2;0.15538499
NP_417591.1;0.13487527
NP_417593.4;0.99626553
NP_417594.3;0.23475623
NP_417595.1;0.06859523
NP_417596.1;0.9970963
NP_417597.1;0.017468363
NP_417598.1;0.12274921
NP_417599.1;0.051553577
NP_417600.1;0.018013984
NP_417601.1;0.01722774
NP_417602.4;0.049362153
NP_417605.1;0.030562758
NP_417606.1;0.028645664
NP_417607.1;0.084634215
NP_417608.1;0.984958
NP_417609.1;0.9420023
NP_417610.1;0.058159977
NP_417611.1;0.060349196
NP_417612.1;0.03116864
NP_417613.1;0.9977455
NP_417614.1;0.7576277
NP_417615.1;0.037188113
NP_417616.1;0.017036855
NP_417617.1;0.039599508
NP_417618.1;0.035478354
NP_417619.1;0.45317802
NP_417620.1;0.99459696
NP_417621.2;0.63270235
NP_417622.2;0.611859
NP_417623.1;0.11690813
NP_417624.1;0.053996623
NP_417625.1;0.061892897
NP_417626.1;0.27889824
NP_417627.1;0.042702824
NP_417628.2;0.08203521
NP_417629.1;0.031915605
NP_417630.1;0.99716413
NP_417631.2;0.016427338
NP_417632.1;0.09599641
NP_417633.4;0.015593559
NP_417634.1;0.040146142
NP_417635.1;0.025233746
NP_417636.1;0.046176314
NP_417637.1;0.014037013
NP_417638.1;0.017647594
NP_417639.6;0.13027418
NP_417640.1;0.015247971
NP_417641.4;0.9674312
NP_417642.1;0.777648
NP_417643.1;0.015514076
NP_417644.4;0.11546007
NP_417645.1;0.9980396
NP_417646.1;0.025612235
NP_417647.1;0.06194803
NP_417648.4;0.08278027
NP_417649.1;0.018421173
NP_417650.1;0.015282065
NP_417651.1;0.9845259
NP_417652.1;0.054026842
NP_417653.1;0.030860305
NP_417654.1;0.021403193
NP_417655.1;0.4399646
NP_417656.1;0.017728716
NP_417657.2;0.23225752
NP_417658.4;0.30132923
NP_417659.1;0.57070434
NP_417660.1;0.81509763
NP_417661.1;0.75259453
NP_417662.1;0.7776804
NP_417663.1;0.99324405
NP_417664.1;0.017129421
NP_417665.1;0.09561622
NP_417666.1;0.34987321
NP_417667.1;0.4932345
NP_417668.1;0.43987852
NP_417669.1;0.018229842
NP_417670.1;0.061567098
NP_417671.1;0.10802606
NP_417672.1;0.02394095
NP_417673.1;0.068308294
NP_417674.1;0.02748382
NP_417675.1;0.48363453
NP_417676.2;0.022280723
NP_417678.1;0.018565476
NP_417679.2;0.998119
NP_417680.1;0.017849326
NP_417681.1;0.4430948
NP_417682.1;0.13397595
NP_417683.1;0.9981489
NP_417685.1;0.024158895
NP_417686.1;0.07600698
NP_417687.1;0.04204914
NP_417688.1;0.08670741
NP_417689.4;0.051703155
NP_417690.1;0.025816113
NP_417691.4;0.99679774
NP_417692.1;0.03209418
NP_417693.3;0.02975455
NP_417694.1;0.99651444
NP_417695.1;0.030876487
NP_417696.1;0.051487267
NP_417697.1;0.0297409
NP_417698.1;0.027347863
NP_417699.1;0.03610331
NP_417700.2;0.06285414
NP_417701.1;0.9945779
NP_417702.1;0.02151224
NP_417703.1;0.022774637
NP_417704.1;0.061845273
NP_417705.2;0.4316594
NP_417706.1;0.05132559
NP_417707.1;0.9980918
NP_417708.1;0.7458836
NP_417709.2;0.29644215
NP_417710.1;0.8988874
NP_417711.1;0.01745063
NP_417713.2;0.020964026
NP_417714.1;0.04003182
NP_417715.1;0.71643984
NP_417716.1;0.022742778
NP_417717.2;0.5478872
NP_417718.1;0.016492397
NP_417719.1;0.9953933
NP_417721.1;0.035830796
NP_417722.1;0.016570687
NP_417723.1;0.6800789
NP_417724.4;0.99792033
NP_417725.1;0.039541453
NP_417726.1;0.03685668
NP_417727.1;0.08094764
NP_417728.4;0.054345906
NP_417729.1;0.43188864
NP_417730.1;0.6184745
NP_417731.1;0.77180433
NP_417732.1;0.9971949
NP_417733.1;0.6770727
NP_417736.2;0.982139
NP_417737.1;0.7845309
NP_417738.4;0.027382493
NP_417739.1;0.054825693
NP_417740.1;0.02769491
NP_417741.1;0.058857143
NP_417743.1;0.042782933
NP_417745.1;0.04898846
NP_417746.1;0.021942854
NP_417747.1;0.022246122
NP_417748.1;0.017157882
NP_417749.1;0.27267024
NP_417751.1;0.02707237
NP_417752.1;0.12076861
NP_417753.1;0.027142584
NP_417754.1;0.03099522
NP_417755.1;0.021998405
NP_417756.1;0.03206089
NP_417757.1;0.06242138
NP_417758.1;0.066378504
NP_417759.1;0.9955238
NP_417760.1;0.029146403
NP_417761.1;0.07825047
NP_417762.1;0.028625518
NP_417763.1;0.036860526
NP_417764.1;0.04135236
NP_417765.1;0.02937296
NP_417766.1;0.04740399
NP_417767.1;0.04516548
NP_417768.1;0.04560381
NP_417769.1;0.060295314
NP_417770.1;0.040823936
NP_417771.1;0.07908213
NP_417772.1;0.04798609
NP_417773.1;0.022223443
NP_417774.1;0.065107495
NP_417775.1;0.04244995
NP_417776.1;0.02136901
NP_417777.1;0.08332884
NP_417778.1;0.041113168
NP_417779.1;0.07763082
NP_417780.1;0.054632694
NP_417781.1;0.05441934
NP_417782.1;0.0229657
NP_417783.1;0.027173668
NP_417784.4;0.9980639
NP_417785.1;0.016819715
NP_417786.1;0.9768535
NP_417787.1;0.13346702
NP_417788.1;0.18964559
NP_417789.4;0.36252376
NP_417790.1;0.1711182
NP_417791.1;0.81990325
NP_417792.2;0.39552593
NP_417793.2;0.061278462
NP_417794.1;0.9767447
NP_417795.1;0.039163172
NP_417796.1;0.05360967
NP_417797.1;0.020855367
NP_417798.1;0.01957941
NP_417799.1;0.017126054
NP_417800.1;0.028131813
NP_417801.1;0.025984734
NP_417802.1;0.085794985
NP_417803.1;0.10981259
NP_417804.1;0.039144427
NP_417805.4;0.022466809
NP_417806.1;0.696875
NP_417807.1;0.068659365
NP_417808.1;0.021461815
NP_417809.1;0.997447
NP_417810.1;0.027277827
NP_417811.1;0.013391584
NP_417812.1;0.030575067
NP_417813.1;0.05324298
NP_417814.1;0.030535102
NP_417815.1;0.21513689
NP_417816.1;0.4756365
NP_417817.2;0.99789715
NP_417818.1;0.02073726
NP_417819.1;0.08951795
NP_417820.1;0.045286298
NP_417821.1;0.11661789
NP_417822.1;0.10606143
NP_417823.1;0.9957133
NP_417824.1;0.017829418
NP_417825.1;0.44442767
NP_417827.1;0.021095812
NP_417828.1;0.70959926
NP_417829.2;0.9946287
NP_417830.4;0.030429602
NP_417833.1;0.10906553
NP_417834.6;0.036214113
NP_417835.1;0.017596155
NP_417836.1;0.9948226
NP_417837.2;0.027760774
NP_417838.1;0.022741199
NP_417839.1;0.017776221
NP_417840.1;0.021427989
NP_417841.2;0.07251975
NP_417843.1;0.025476217
NP_417844.1;0.039200574
NP_417845.1;0.04336837
NP_417846.1;0.7273708
NP_417847.1;0.017365605
NP_417848.1;0.03234619
NP_417850.1;0.95058084
NP_417851.4;0.032933652
NP_417852.1;0.6953868
NP_417853.1;0.12013602
NP_417854.4;0.03513637
NP_417855.4;0.0178684
NP_417856.1;0.256568
NP_417857.1;0.9923481
NP_417858.4;0.04262775
NP_417859.1;0.071053356
NP_417860.2;0.040872127
NP_417861.1;0.99695945
NP_417862.1;0.019217193
NP_417863.1;0.054357827
NP_417864.1;0.027339071
NP_417866.4;0.017105073
NP_417867.1;0.07463348
NP_417868.1;0.9979586
NP_417869.1;0.25688916
NP_417870.1;0.027810067
NP_417871.1;0.029212564
NP_417872.2;0.11579043
NP_417873.1;0.08790329
NP_417875.1;0.99702394
NP_417877.1;0.017498285
NP_417879.1;0.021305025
NP_417880.1;0.7769055
NP_417883.1;0.04410717
NP_417884.1;0.01772049
NP_417886.1;0.9971552
NP_417887.1;0.02460131
NP_417888.1;0.019547433
NP_417889.1;0.016861737
NP_417890.1;0.0118124485
NP_417891.1;0.04107651
NP_417892.1;0.98624074
NP_417894.2;0.05089128
NP_417896.1;0.077074766
NP_417897.1;0.022233635
NP_417898.1;0.07271463
NP_417899.1;0.40500078
NP_417901.1;0.083236694
NP_417902.1;0.097150296
NP_417903.1;0.065478235
NP_417904.1;0.99642766
NP_417905.1;0.39579982
NP_417906.1;0.03178373
NP_417907.2;0.99286234
NP_417908.1;0.9952737
NP_417909.1;0.815798
NP_417910.1;0.9815677
NP_417911.4;0.8239455
NP_417912.1;0.9783933
NP_417913.1;0.99777865
NP_417914.1;0.87800026
NP_417915.1;0.9950162
NP_417916.1;0.059813023
NP_417918.1;0.030448288
NP_417919.1;0.99495554
NP_417920.1;0.47932592
NP_417921.1;0.01791969
NP_417922.1;0.027570903
NP_417923.1;0.56566346
NP_417924.1;0.10952422
NP_417925.1;0.9554309
NP_417926.1;0.99813735
NP_417927.1;0.10397595
NP_417928.1;0.7526213
NP_417929.4;0.09836936
NP_417930.2;0.99673593
NP_417931.4;0.99532664
NP_417932.1;0.07592833
NP_417933.1;0.021295726
NP_417934.1;0.99079686
NP_417935.1;0.96764076
NP_417936.1;0.957813
NP_417937.1;0.95150733
NP_417938.1;0.025851816
NP_417940.2;0.078857005
NP_417941.1;0.018003255
NP_417942.6;0.7393786
NP_417944.1;0.029005677
NP_417945.1;0.017257988
NP_417948.4;0.9759288
NP_417949.1;0.09501234
NP_417950.1;0.9880327
NP_417951.1;0.11713812
NP_417952.1;0.1952135
NP_417953.1;0.99696064
NP_417954.1;0.017911732
NP_417955.1;0.99804187
NP_417956.1;0.11789808
NP_417957.1;0.01750204
NP_417958.1;0.0648064
NP_417959.4;0.9956531
NP_417960.1;0.11123109
NP_417962.1;0.024158895
NP_417963.4;0.5071079
NP_417964.1;0.039055496
NP_417965.1;0.63814646
NP_417966.4;0.18871355
NP_417967.1;0.13478723
NP_417968.1;0.7816775
NP_417969.1;0.1206367
NP_417970.1;0.99539244
NP_417971.1;0.9971851
NP_417972.1;0.027742028
NP_417973.1;0.10804427
NP_417974.1;0.018229991
NP_417975.1;0.018043667
NP_417976.1;0.018524885
NP_417977.1;0.061500072
NP_417978.2;0.7941716
NP_417979.1;0.08082721
NP_417980.1;0.99796677
NP_417981.2;0.9979036
NP_417982.2;0.025921285
NP_417983.2;0.028413475
NP_417984.1;0.02220115
NP_417985.1;0.9969593
NP_417986.4;0.018241107
NP_417988.1;0.8247615
NP_417989.1;0.7440921
NP_417990.4;0.9982505
NP_417992.1;0.29599604
NP_417993.1;0.024068266
NP_417994.2;0.11846802
NP_417995.1;0.02693054
NP_417996.1;0.99753547
NP_417997.1;0.09651303
NP_417998.1;0.9633398
NP_417999.1;0.9632615
NP_418000.1;0.98964286
NP_418001.1;0.017318785
NP_418002.2;0.99611866
NP_418003.1;0.99604434
NP_418004.4;0.61462784
NP_418005.1;0.03854391
NP_418006.1;0.06415075
NP_418007.3;0.99745893
NP_418009.2;0.019631773
NP_418010.2;0.7839461
NP_418011.1;0.554501
NP_418012.1;0.29827636
NP_418014.1;0.046897143
NP_418015.1;0.037156254
NP_418016.1;0.016602606
NP_418017.1;0.022205502
NP_418018.1;0.086434275
NP_418019.4;0.47744888
NP_418020.2;0.73801965
NP_418021.1;0.9957671
NP_418022.1;0.019932657
NP_418023.1;0.5967765
NP_418024.1;0.9775246
NP_418025.1;0.99709845
NP_418026.1;0.0730353
NP_418028.1;0.99798816
NP_418030.1;0.047288626
NP_418031.1;0.028664082
NP_418032.1;0.030555457
NP_418033.1;0.06790674
NP_418034.1;0.4310754
NP_418036.1;0.9276108
NP_418037.1;0.019620955
NP_418038.1;0.10698974
NP_418039.2;0.022465736
NP_418040.1;0.03392765
NP_418041.1;0.14652866
NP_418042.1;0.1174016
NP_418043.1;0.03671229
NP_418044.1;0.65065765
NP_418045.4;0.015145481
NP_418047.1;0.011597991
NP_418048.1;0.018840462
NP_418049.1;0.037406117
NP_418050.1;0.99509335
NP_418051.1;0.026735872
NP_418053.1;0.084798366
NP_418054.1;0.04247442
NP_418055.1;0.5145938
NP_418056.1;0.99785185
NP_418057.1;0.024714082
NP_418058.1;0.04643148
NP_418059.1;0.07152516
NP_418060.1;0.9972751
NP_418061.1;0.03102386
NP_418062.1;0.02158159
NP_418063.1;0.07396263
NP_418064.1;0.027383119
NP_418065.1;0.02470851
NP_418066.1;0.07027477
NP_418067.1;0.68855804
NP_418068.1;0.1113455
NP_418069.1;0.017204463
NP_418070.6;0.32375163
NP_418071.4;0.028944254
NP_418072.1;0.08467087
NP_418073.1;0.02660337
NP_418074.1;0.016650379
NP_418075.2;0.08031738
NP_418076.1;0.03137833
NP_418077.1;0.024464786
NP_418078.1;0.0284729
NP_418079.1;0.9948436
NP_418080.1;0.048028022
NP_418081.1;0.027351141
NP_418082.1;0.03729087
NP_418083.1;0.031526923
NP_418084.1;0.030023277
NP_418085.2;0.022837937
NP_418086.1;0.09963614
NP_418087.1;0.0281111
NP_418088.1;0.0297755
NP_418089.1;0.026371002
NP_418090.1;0.019481301
NP_418091.1;0.050158173
NP_418092.1;0.027773857
NP_418093.1;0.08021405
NP_418094.1;0.03397304
NP_418095.4;0.16698217
NP_418096.4;0.95641613
NP_418097.1;0.0748252
NP_418098.4;0.030020982
NP_418099.1;0.03542608
NP_418101.1;0.021187097
NP_418102.2;0.03894949
NP_418103.4;0.24629372
NP_418104.2;0.016858459
NP_418105.1;0.022370964
NP_418106.1;0.027471542
NP_418107.1;0.01618442
NP_418108.1;0.027624339
NP_418109.1;0.9967475
NP_418110.1;0.9938811
NP_418111.1;0.9980604
NP_418112.1;0.99438
NP_418113.1;0.020263135
NP_418114.4;0.997926
NP_418115.1;0.9671935
NP_418116.1;0.9205852
NP_418117.1;0.7976783
NP_418118.2;0.989899
NP_418119.2;0.16960552
NP_418120.2;0.9964894
NP_418121.1;0.019017518
NP_418122.1;0.9964173
NP_418123.2;0.99804795
NP_418124.4;0.99614984
NP_418125.1;0.103387296
NP_418126.1;0.061603487
NP_418127.1;0.01890564
NP_418128.1;0.3340987
NP_418129.2;0.99295074
NP_418130.1;0.021908045
NP_418131.1;0.06976679
NP_418132.1;0.33536345
NP_418133.1;0.8541302
NP_418134.1;0.01803708
NP_418135.1;0.99703276
NP_418136.2;0.028046548
NP_418139.1;0.19032717
NP_418140.4;0.9971448
NP_418141.2;0.06542006
NP_418142.1;0.040329516
NP_418143.2;0.78426504
NP_418144.3;0.017848223
NP_418145.2;0.024437517
NP_418146.4;0.9962689
NP_418148.1;0.022187531
NP_418152.1;0.027432919
NP_418153.4;0.34292138
NP_418155.1;0.017176598
NP_418156.1;0.387667
NP_418157.1;0.016346097
NP_418158.1;0.078460395
NP_418159.1;0.04858941
NP_418161.1;0.9976886
NP_418162.1;0.016573995
NP_418163.1;0.07328656
NP_418164.4;0.019399792
NP_418165.1;0.9963248
NP_418166.1;0.99690574
NP_418167.1;0.026692867
NP_418168.2;0.042239726
NP_418169.1;0.1487571
NP_418170.1;0.9979968
NP_418171.1;0.09651455
NP_418172.1;0.71740305
NP_418173.1;0.029233843
NP_418175.3;0.024825245
NP_418176.1;0.9968746
NP_418177.1;0.9971268
NP_418178.1;0.998082
NP_418179.1;0.71498686
NP_418180.1;0.026337594
NP_418181.1;0.7248583
NP_418182.1;0.6202148
NP_418183.1;0.9319125
NP_418184.1;0.99557924
NP_418185.1;0.017891496
NP_418186.1;0.014935851
NP_418187.1;0.16602135
NP_418188.1;0.015997797
NP_418189.1;0.8047319
NP_418190.1;0.99791956
NP_418191.1;0.39012444
NP_418192.1;0.067760795
NP_418193.1;0.80310655
NP_418194.1;0.049714178
NP_418195.2;0.34388652
NP_418196.1;0.027017325
NP_418197.1;0.01661241
NP_418198.1;0.07576108
NP_418199.1;0.121300876
NP_418200.1;0.037007302
NP_418202.4;0.028961003
NP_418204.2;0.17649278
NP_418205.1;0.9974342
NP_418206.1;0.996747
NP_418207.1;0.9823294
NP_418208.1;0.1034846
NP_418209.1;0.029627234
NP_418210.1;0.9971316
NP_418213.1;0.04822424
NP_418214.2;0.015622258
NP_418215.1;0.17391652
NP_418217.1;0.06237471
NP_418220.1;0.013605297
NP_418221.1;0.09709531
NP_418222.1;0.017861724
NP_418223.1;0.0777055
NP_418227.1;0.017133385
NP_418228.2;0.10806435
NP_418230.1;0.018765986
NP_418231.1;0.88788486
NP_418232.2;0.49256247
NP_418236.1;0.0417296
NP_418238.1;0.018540412
NP_418239.1;0.99689656
NP_418241.1;0.9866746
NP_418242.1;0.0857102
NP_418245.1;0.9942597
NP_418246.1;0.024071902
NP_418247.1;0.019123435
NP_418248.1;0.3041364
NP_418250.1;0.998026
NP_418251.1;0.061246723
NP_418254.2;0.022397935
NP_418255.1;0.28837618
NP_418256.1;0.025626421
NP_418257.1;0.03194201
NP_418258.1;0.9947552
NP_418260.1;0.990103
NP_418261.1;0.41346014
NP_418262.2;0.43681034
NP_418264.4;0.061635554
NP_418265.1;0.17730826
NP_418271.1;0.9884073
NP_418272.1;0.14450198
NP_418273.1;0.015093207
NP_418275.1;0.071609974
NP_418276.1;0.06536457
NP_418278.1;0.52240264
NP_418279.1;0.017214745
NP_418280.4;0.17207044
NP_418282.1;0.78046
NP_418284.1;0.06573781
NP_418285.1;0.0149433315
NP_418286.1;0.029404372
NP_418288.1;0.016444057
NP_418289.1;0.016129732
NP_418290.4;0.07261121
NP_418292.1;0.050287426
NP_418293.2;0.06910464
NP_418294.1;0.027250648
NP_418295.1;0.05407843
NP_418296.1;0.095020115
NP_418297.1;0.078317165
NP_418298.4;0.017880052
NP_418299.1;0.95906186
NP_418300.1;0.014422715
NP_418301.3;0.03409046
NP_418302.1;0.027280867
NP_418303.2;0.020264894
NP_418304.1;0.017868936
NP_418305.1;0.031084925
NP_418306.1;0.016057044
NP_418308.1;0.14025018
NP_418309.1;0.020008951
NP_418310.1;0.9962001
NP_418311.1;0.1014311
NP_418313.4;0.99542964
NP_418314.1;0.9980173
NP_418315.3;0.30238944
NP_418316.4;0.48846084
NP_418317.1;0.031309813
NP_418318.1;0.02904588
NP_418319.2;0.40908858
NP_418320.2;0.023046702
NP_418321.4;0.027285099
NP_418322.1;0.9730629
NP_418323.1;0.04987642
NP_418324.1;0.018572807
NP_418325.4;0.065945506
NP_418326.2;0.09272319
NP_418327.1;0.023905993
NP_418328.1;0.38267803
NP_418329.1;0.035406977
NP_418330.1;0.99808025
NP_418331.1;0.022114545
NP_418332.1;0.5331613
NP_418333.1;0.99770534
NP_418334.1;0.036602825
NP_418335.4;0.99644446
NP_418336.1;0.3532189
NP_418337.1;0.09718034
NP_418338.1;0.02992335
NP_418340.1;0.021189243
NP_418341.1;0.023922354
NP_418342.2;0.035041183
NP_418343.1;0.9947151
NP_418344.3;0.050699443
NP_418345.2;0.99368155
NP_418346.2;0.022097081
NP_418347.1;0.038281888
NP_418348.1;0.0204041
NP_418350.1;0.5353156
NP_418351.1;0.018035829
NP_418352.1;0.79662955
NP_418353.1;0.079735726
NP_418354.1;0.019592196
NP_418355.1;0.27676153
NP_418356.1;0.5398612
NP_418357.1;0.68498933
NP_418358.1;0.10717228
NP_418359.1;0.22769871
NP_418360.1;0.021067947
NP_418361.1;0.018865734
NP_418362.1;0.97911084
NP_418363.1;0.054117084
NP_418364.1;0.029743612
NP_418365.1;0.10512054
NP_418366.1;0.017178297
NP_418367.1;0.027321577
NP_418368.1;0.030597955
NP_418369.1;0.025345713
NP_418370.1;0.50600684
NP_418371.1;0.054828674
NP_418372.1;0.19519514
NP_418373.1;0.03401214
NP_418374.1;0.020744085
NP_418375.1;0.9963039
NP_418376.1;0.024320453
NP_418377.1;0.014374167
NP_418378.4;0.98660946
NP_418379.1;0.6950674
NP_418380.4;0.01790014
NP_418381.1;0.44967043
NP_418384.1;0.99775577
NP_418385.1;0.11635074
NP_418386.1;0.99797964
NP_418387.3;0.8660103
NP_418388.1;0.23170769
NP_418389.1;0.046333224
NP_418390.1;0.99737185
NP_418391.1;0.015148342
NP_418392.1;0.022585511
NP_418393.1;0.8348351
NP_418394.3;0.046857297
NP_418395.1;0.021539807
NP_418396.1;0.05026123
NP_418397.2;0.01960826
NP_418398.3;0.029858857
NP_418399.1;0.11972514
NP_418400.1;0.022079855
NP_418401.1;0.99716496
NP_418402.2;0.03275591
NP_418403.1;0.027513176
NP_418404.1;0.786049
NP_418405.1;0.03532076
NP_418407.1;0.019579738
NP_418408.1;0.21122131
NP_418409.1;0.049670994
NP_418410.1;0.052115083
NP_418411.1;0.021309972
NP_418412.1;0.029591233
NP_418413.1;0.04591611
NP_418414.1;0.014676452
NP_418415.1;0.015027642
NP_418416.1;0.09214687
NP_418417.1;0.020546645
NP_418418.2;0.4845674
NP_418420.4;0.563411
NP_418421.1;0.021126747
NP_418422.1;0.017537057
NP_418423.1;0.033554822
NP_418425.1;0.014989823
NP_418426.2;0.025742412
NP_418427.1;0.10402545
NP_418428.1;0.06521949
NP_418429.1;0.44006932
NP_418430.2;0.7782229
NP_418431.1;0.9962771
NP_418432.1;0.017864466
NP_418433.1;0.016674608
NP_418434.1;0.017489314
NP_418435.1;0.27050263
NP_418436.1;0.09989214
NP_418437.1;0.027052432
NP_418438.1;0.9954469
NP_418439.1;0.02117163
NP_418440.1;0.023651779
NP_418441.1;0.015710682
NP_418442.2;0.06354678
NP_418443.1;0.012405664
NP_418444.1;0.9963076
NP_418445.1;0.7955632
NP_418446.1;0.060385495
NP_418447.1;0.063060075
NP_418448.1;0.9973863
NP_418449.1;0.017041296
NP_418450.1;0.88086313
NP_418451.4;0.04256925
NP_418452.1;0.7318527
NP_418453.1;0.9966959
NP_418454.1;0.494097
NP_418455.1;0.9980302
NP_418456.1;0.97067666
NP_418457.1;0.9961693
NP_418458.1;0.9971609
NP_418459.1;0.9977684
NP_418460.1;0.99467635
NP_418461.1;0.23563436
NP_418463.4;0.05806485
NP_418464.1;0.7400631
NP_418465.4;0.015300274
NP_418466.1;0.048768193
NP_418467.1;0.07532066
NP_418468.3;0.9974034
NP_418469.1;0.055002958
NP_418470.4;0.039346784
NP_418471.1;0.109849185
NP_418472.1;0.027458549
NP_418473.3;0.03017801
NP_418474.4;0.86625195
NP_418475.1;0.7070811
NP_418476.1;0.01716739
NP_418477.1;0.029848754
NP_418478.1;0.019590318
NP_418479.1;0.08201462
NP_418480.1;0.03613192
NP_418481.1;0.049011618
NP_418482.1;0.016139299
NP_418483.1;0.04981941
NP_418484.4;0.68811166
NP_418485.1;0.019883186
NP_418486.1;0.09539053
NP_418487.1;0.13593462
NP_418488.1;0.9980104
NP_418489.1;0.9972025
NP_418490.1;0.017442793
NP_418491.1;0.9978893
NP_418492.1;0.25162926
NP_418493.1;0.014825016
NP_418494.1;0.017371148
NP_418495.2;0.02685824
NP_418496.1;0.021211416
NP_418497.1;0.99533427
NP_418498.1;0.996891
NP_418499.1;0.50077224
NP_418500.1;0.06569019
NP_418501.1;0.9939212
NP_418502.1;0.5033862
NP_418503.1;0.25523892
NP_418504.1;0.80971384
NP_418505.2;0.8378423
NP_418506.1;0.8575163
NP_418507.2;0.016419142
NP_418508.1;0.021342486
NP_418509.1;0.04679963
NP_418510.1;0.98538244
NP_418511.1;0.9974532
NP_418512.1;0.63564855
NP_418513.4;0.074261636
NP_418514.1;0.26038355
NP_418516.1;0.083445996
NP_418517.1;0.050089
NP_418518.1;0.061653793
NP_418519.1;0.02567947
NP_418520.1;0.058046043
NP_418522.1;0.13591129
NP_418523.1;0.020282865
NP_418524.1;0.09359485
NP_418525.1;0.13373742
NP_418526.1;0.025717318
NP_418529.1;0.76542145
NP_418530.1;0.69325966
NP_418531.1;0.040060192
NP_418532.1;0.054753125
NP_418533.1;0.01628369
NP_418534.4;0.034164608
NP_418535.1;0.6923781
NP_418536.1;0.030346781
NP_418537.1;0.029623777
NP_418538.2;0.041650712
NP_418539.1;0.99712616
NP_418540.1;0.49168018
NP_418541.2;0.9967636
NP_418542.1;0.04099515
NP_418543.1;0.015715063
NP_418544.2;0.9962831
NP_418545.1;0.87407804
NP_418546.1;0.18765232
NP_418547.1;0.99564314
NP_418548.1;0.0305098
NP_418549.1;0.01929298
NP_418550.1;0.09559137
NP_418551.1;0.04079464
NP_418552.1;0.3022985
NP_418553.1;0.017328829
NP_418554.1;0.9972769
NP_418555.1;0.98065174
NP_418556.1;0.9978715
NP_418557.1;0.9851651
NP_418558.2;0.085240334
NP_418559.1;0.9979162
NP_418560.1;0.18078533
NP_418561.1;0.9875572
NP_418562.4;0.01344493
NP_418564.2;0.4356362
NP_418565.1;0.9934601
NP_418566.1;0.035420418
NP_418567.1;0.017347842
NP_418568.2;0.4317609
NP_418569.1;0.020792097
NP_418570.1;0.023717552
NP_418571.1;0.049996436
NP_418572.4;0.8401859
NP_418573.1;0.15122202
NP_418574.1;0.9775535
NP_418575.1;0.19181994
NP_418576.1;0.0917449
NP_418577.1;0.1419726
NP_418578.1;0.012082458
NP_418579.2;0.029455394
NP_418580.2;0.9963367
NP_418581.1;0.7013037
NP_418582.1;0.8803173
NP_418583.1;0.99804556
NP_418584.1;0.024922907
NP_418585.4;0.020412594
NP_418586.4;0.049879283
NP_418587.1;0.02125603
NP_418588.1;0.020774037
NP_418589.1;0.03731051
NP_418590.1;0.017494887
NP_418591.1;0.015533
NP_418592.1;0.06836155
NP_418593.1;0.052107215
NP_418594.1;0.017991334
NP_418595.1;0.9977362
NP_418596.1;0.02455002
NP_418597.1;0.40941375
NP_418598.1;0.016370982
NP_418599.1;0.09954783
NP_418600.4;0.012376308
NP_418601.1;0.119285196
NP_418602.1;0.1525211
NP_418603.1;0.096194655
NP_418604.1;0.048276335
NP_418605.1;0.9553684
NP_418606.1;0.027383268
NP_418607.1;0.03455779
NP_418608.6;0.01748401
NP_418609.4;0.59134644
NP_418610.4;0.38358045
NP_418611.1;0.70391643
NP_418612.1;0.03616923
NP_418613.2;0.118641466
NP_418614.4;0.99523604
NP_418615.1;0.22143555
NP_418616.1;0.06356943
NP_418617.1;0.07197046
NP_418618.1;0.044504434
NP_418619.1;0.021821856
NP_418620.1;0.23081434
NP_418621.5;0.027777702
NP_418622.1;0.054653138
NP_418623.1;0.051249057
NP_418624.1;0.0344297
NP_418625.1;0.06955093
NP_418627.4;0.12851334
NP_418628.4;0.026809335
NP_418629.1;0.99700785
NP_418630.1;0.050803214
NP_418631.2;0.8935108
NP_418632.1;0.96292436
NP_418633.4;0.06919181
NP_418634.1;0.017156601
NP_418635.1;0.5391319
NP_418637.1;0.13315564
NP_418638.2;0.066995054
NP_418639.1;0.9975327
NP_418640.1;0.05723661
NP_418641.1;0.9980185
NP_418642.1;0.38546908
NP_418643.1;0.15019605
NP_418645.2;0.23111439
NP_418646.1;0.084671915
NP_418647.1;0.03183624
NP_418648.1;0.89263284
NP_418651.3;0.9535135
NP_418652.2;0.99601936
NP_418653.1;0.024243444
NP_418654.1;0.01844588
NP_418655.1;0.030457407
NP_418656.1;0.99801046
NP_418658.1;0.044793904
NP_418659.1;0.018016309
NP_418660.1;0.019311339
NP_418661.1;0.9964084
NP_418662.1;0.03573537
NP_418663.1;0.9966204
NP_418664.2;0.048364878
NP_418665.1;0.05074045
NP_418666.1;0.028157026
NP_418667.1;0.098172635
NP_418669.1;0.062225938
NP_418670.1;0.029969186
NP_418672.4;0.06416258
NP_418673.4;0.06531161
NP_418674.2;0.020426065
NP_418675.1;0.020023257
NP_418676.1;0.09920773
NP_418679.1;0.6264087
NP_418680.1;0.3507551
NP_418681.1;0.017258465
NP_418682.1;0.99230623
NP_418683.4;0.995525
NP_418684.1;0.023029596
NP_418685.1;0.4598003
NP_418686.1;0.9970944
NP_418687.1;0.102155745
NP_418688.1;0.020218462
NP_418689.1;0.09853035
NP_418690.4;0.028257698
NP_418692.2;0.09178713
NP_418693.1;0.022966772
NP_418697.1;0.12922907
NP_418698.1;0.020923465
NP_418699.4;0.9950948
NP_418700.2;0.24239945
NP_418704.1;0.023411006
NP_418707.1;0.724785
NP_418708.1;0.9745959
NP_418709.1;0.9926005
NP_418710.4;0.4095379
NP_418711.1;0.99791056
NP_418712.1;0.080714434
NP_418713.1;0.41036478
NP_418714.1;0.08103299
NP_418715.2;0.019849509
NP_418716.1;0.9971415
NP_418717.1;0.012665749
NP_418718.4;0.36454105
NP_418719.1;0.11321509
NP_418720.1;0.032817513
NP_418721.1;0.06241283
NP_418722.1;0.37860933
NP_418723.1;0.026678324
NP_418724.1;0.9971551
NP_418725.4;0.9883064
NP_418726.1;0.03439471
NP_418727.1;0.03934613
NP_418729.1;0.029331982
NP_418730.4;0.017748743
NP_418731.2;0.9455396
NP_418732.1;0.08624491
NP_418733.1;0.02758497
NP_418734.1;0.529829
NP_418735.2;0.30827636
NP_418736.3;0.7594856
NP_418737.1;0.997943
NP_418738.1;0.6869089
NP_418739.1;0.31683087
NP_418740.1;0.9691882
NP_418741.1;0.9965493
NP_418742.1;0.026118368
NP_418743.1;0.014433086
NP_418744.1;0.0279167
NP_418745.3;0.028214604
NP_418746.4;0.111889094
NP_418747.1;0.031172127
NP_418748.1;0.0278444
NP_418749.1;0.27512085
NP_418750.2;0.47344524
NP_418751.4;0.029900193
NP_418752.1;0.9924718
NP_418753.3;0.03857681
NP_418754.2;0.0314582
NP_418755.4;0.020444512
NP_418756.1;0.026830405
NP_418757.1;0.9972739
NP_418760.1;0.9915103
NP_418761.1;0.13366058
NP_418765.1;0.5207091
NP_418766.4;0.032090068
NP_418767.4;0.09787458
NP_418768.1;0.9945205
NP_418769.1;0.01962334
NP_418770.2;0.9981541
NP_418771.1;0.07957137
NP_418772.4;0.022419393
NP_418773.1;0.11690742
NP_418774.2;0.9972106
NP_418775.1;0.9968549
NP_418776.1;0.99641657
NP_418778.4;0.021559298
NP_418779.2;0.9922143
NP_418780.2;0.36199486
NP_418781.1;0.033219516
NP_418782.1;0.13764569
NP_418783.2;0.95837426
NP_418784.4;0.3120119
NP_418785.1;0.751855
NP_418786.4;0.18908939
NP_418787.1;0.026836634
NP_418788.1;0.035142362
NP_418789.1;0.059654444
NP_418790.1;0.44300836
NP_418791.1;0.104797006
NP_418792.1;0.01792413
NP_418793.1;0.027198493
NP_418794.1;0.03139645
NP_418796.1;0.03681448
NP_418797.1;0.024425983
NP_418798.1;0.02764541
NP_418799.1;0.013938963
NP_418800.1;0.018543124
NP_418801.1;0.029847652
NP_418802.1;0.01832077
NP_418803.1;0.072116464
NP_418804.1;0.027348846
NP_418805.1;0.028755039
NP_418806.1;0.9861824
NP_418807.4;0.39273012
NP_418808.1;0.013875157
NP_418809.4;0.99703884
NP_418810.1;0.061693072
NP_418811.2;0.059211493
NP_418812.1;0.0370889
NP_418813.1;0.12647393
NP_418814.1;0.39852443
NP_418815.1;0.13444763
NP_418816.1;0.017131805
NP_418817.1;0.14103785
NP_418818.1;0.34395567
NP_418819.1;0.20836604
NP_418820.1;0.8566366
YP_001165307.1;0.73373175
YP_001165308.1;0.11310336
YP_001165309.1;0.1471056
YP_001165310.1;0.06662825
YP_001165313.1;0.4332142
YP_001165314.1;0.21125033
YP_001165315.1;0.27648288
YP_001165316.1;0.10282791
YP_001165317.1;0.120123774
YP_001165318.1;0.4357568
YP_001165319.1;0.32144973
YP_001165320.1;0.36765146
YP_001165321.1;0.29524207
YP_001165325.1;0.114546835
YP_001165328.2;0.13323608
YP_001165331.1;0.21426165
YP_001165332.1;0.47730994
YP_001165333.1;0.24699563
YP_001165334.1;0.70603216
YP_001491546.1;0.08916983
YP_001491548.1;0.41854283
YP_002791237.1;0.21069705
YP_002791238.1;0.15995723
YP_002791239.1;0.16701174
YP_002791240.1;0.070388705
YP_002791241.1;0.35706377
YP_002791242.1;0.35371098
YP_002791243.1;0.16098821
YP_002791244.1;0.06576547
YP_002791245.1;0.09948647
YP_002791246.1;0.10400468
YP_002791247.1;0.12756261
YP_002791248.1;0.17107582
YP_002791249.1;0.25974905
YP_002791250.1;0.34340274
YP_002791251.1;0.122857094
YP_002791252.1;0.3342338
YP_002791253.1;0.07236308
YP_002791254.1;0.5531363
YP_002791255.1;0.17565969
YP_002791256.1;0.22305563
YP_002791257.1;0.17489114
YP_002791258.1;0.116479486
YP_002791259.1;0.08128482
YP_002791260.1;0.24528888
YP_002791261.1;0.055817008
YP_003933616.1;0.074287385
YP_004831120.1;0.3932588
YP_008592385.1;0.12820682
YP_009029994.1;0.9888381
YP_009029995.1;0.083343506
YP_009518733.1;0.33793372
YP_009518734.1;0.04148063
YP_009518735.1;0.25897074
YP_009518736.1;0.14861083
YP_009518737.1;0.06770426
YP_009518738.1;0.11740404
YP_009518739.1;0.097150296
YP_009518740.1;0.083236694
YP_009518741.1;0.029591411
YP_009518742.1;0.061918467
YP_009518743.1;0.21796855
YP_009518744.1;0.022972852
YP_009518745.1;0.03508228
YP_009518746.1;0.45292497
YP_009518747.1;0.21400908
YP_009518748.1;0.5610431
YP_009518749.1;0.21090499
YP_009518750.1;0.06677607
YP_009518751.1;0.018130273
YP_009518752.1;0.10814625
YP_009518753.1;0.052701592
YP_009518754.1;0.21532997
YP_009518755.1;0.11117831
YP_009518756.1;0.096407026
YP_009518757.1;0.25629508
YP_009518758.1;0.14407858
YP_009518759.1;0.08039206
YP_009518760.1;0.0573079
YP_009518761.1;0.09591505
YP_009518762.1;0.08917585
YP_009518763.1;0.06364682
YP_009518764.1;0.9898387
YP_009518765.1;0.033568114
YP_009518766.1;0.2074548
YP_009518767.1;0.13054076
YP_009518768.1;0.119060814
YP_009518769.1;0.14810896
YP_009518770.1;0.024158895
YP_009518771.1;0.33798322
YP_009518772.1;0.2288655
YP_009518773.1;0.16940925
YP_009518774.1;0.11445603
YP_009518775.1;0.06745303
YP_009518776.1;0.059212327
YP_009518777.1;0.034877032
YP_009518778.1;0.059513986
YP_009518779.1;0.4521647
YP_009518780.1;0.217058
YP_009518781.1;0.03030032
YP_009518782.1;0.28428918
YP_009518783.1;0.12062544
YP_009518784.1;0.06518525
YP_009518785.1;0.06352034
YP_009518786.1;0.9682914
YP_009518787.1;0.4521647
YP_009518788.1;0.04230249
YP_009518789.1;0.11718318
YP_009518790.1;0.112232864
YP_009518791.1;0.15839544
YP_009518792.1;0.07974681
YP_009518793.1;0.061233044
YP_009518794.1;0.0770798
YP_009518795.1;0.11833665
YP_009518796.1;0.28968245
YP_009518797.1;0.1646288
YP_009518798.1;0.06458065
YP_009518799.1;0.02791208
YP_009518800.1;0.01801917
YP_009518801.1;0.20035037
YP_009518802.1;0.10594982
YP_009518803.1;0.078872055
YP_009518804.1;0.055095106
YP_009518805.1;0.3364846
YP_009518806.1;0.17546755
YP_009518807.1;0.061219066
YP_009518808.1;0.02785477
YP_009518809.1;0.05939871
YP_009518810.1;0.47540545
YP_009518811.1;0.60569644
YP_009518812.1;0.06856215
YP_009518813.1;0.071833014
YP_009518814.1;0.24807775
YP_009518815.1;0.030621558
YP_009518816.1;0.055757076
YP_009518817.1;0.055037975
YP_009518818.1;0.1628353
YP_009518819.1;0.92133725
YP_009518820.1;0.4878545
YP_009518821.1;0.16257045
YP_009518822.1;0.023790479
YP_009518823.1;0.029260963
YP_009518824.1;0.41558188
YP_009518825.1;0.9947724
YP_009518826.1;0.065057844
YP_009518827.1;0.29140902
YP_009518828.1;0.142598
YP_009518829.1;0.028174639
YP_009518830.1;0.09917566
YP_009518831.1;0.17072555
YP_009518832.1;0.10409677
YP_009518833.1;0.25909662
YP_009518834.1;0.99480975
YP_025292.1;0.47826135
YP_025293.1;0.99718356
YP_025294.2;0.018537521
YP_025295.1;0.4615389
YP_025297.1;0.16250414
YP_025298.1;0.15932778
YP_025299.1;0.16250414
YP_025300.1;0.7211341
YP_025301.1;0.7620115
YP_025302.1;0.01969701
YP_025303.1;0.17176637
YP_025304.1;0.09494418
YP_025305.1;0.027933389
YP_025306.1;0.8009398
YP_025307.1;0.997362
YP_025308.1;0.01687771
YP_025309.2;0.023069859
YP_025310.1;0.13911521
YP_026160.1;0.082996875
YP_026161.1;0.025773108
YP_026162.2;0.9934577
YP_026163.2;0.09178713
YP_026164.1;0.99813867
YP_026168.2;0.04887125
YP_026169.1;0.018039614
YP_026170.1;0.18304425
YP_026171.3;0.99702877
YP_026172.1;0.020830154
YP_026173.1;0.12673521
YP_026174.2;0.3109035
YP_026180.1;0.33826554
YP_026181.1;0.9967225
YP_026182.1;0.99797153
YP_026183.1;0.01580149
YP_026185.1;0.021729767
YP_026186.1;0.99790126
YP_026187.1;0.017085075
YP_026188.1;0.9977384
YP_026189.1;0.012580931
YP_026190.1;0.018417418
YP_026191.1;0.03522578
YP_026192.1;0.9951329
YP_026195.1;0.032731682
YP_026196.1;0.017093748
YP_026197.1;0.07215798
YP_026199.1;0.99802047
YP_026200.1;0.99705744
YP_026201.1;0.99628055
YP_026202.1;0.019029677
YP_026203.3;0.99662304
YP_026204.1;0.016928583
YP_026205.1;0.9974733
YP_026207.1;0.017237633
YP_026208.1;0.998073
YP_026209.1;0.9971634
YP_026210.1;0.027313769
YP_026211.1;0.08172476
YP_026212.2;0.99424577
YP_026213.1;0.03619483
YP_026214.1;0.025420338
YP_026215.2;0.02693078
YP_026216.2;0.027241826
YP_026217.1;0.9972944
YP_026218.1;0.017733425
YP_026219.1;0.038917124
YP_026220.1;0.99594533
YP_026221.1;0.9979756
YP_026222.1;0.029335797
YP_026223.1;0.9919083
YP_026224.1;0.9981599
YP_026225.1;0.99802387
YP_026226.4;0.9981865
YP_026227.1;0.21014765
YP_026228.1;0.037629217
YP_026229.1;0.48693752
YP_026230.1;0.305974
YP_026231.1;0.014627099
YP_026232.1;0.9691706
YP_026233.1;0.020396888
YP_026237.1;0.01832822
YP_026238.1;0.50424373
YP_026239.1;0.058083385
YP_026240.1;0.33598083
YP_026241.1;0.020456403
YP_026242.1;0.022516876
YP_026243.1;0.026147246
YP_026244.1;0.9971651
YP_026245.1;0.08929965
YP_026246.1;0.1300503
YP_026247.1;0.020631671
YP_026248.1;0.019677222
YP_026251.1;0.99645114
YP_026252.1;0.019156128
YP_026253.1;0.024132729
YP_026254.1;0.0655199
YP_026255.1;0.025741577
YP_026256.2;0.432182
YP_026257.1;0.039648324
YP_026258.1;0.99410754
YP_026259.1;0.019725382
YP_026260.1;0.019216657
YP_026261.1;0.24174854
YP_026262.1;0.9954307
YP_026263.3;0.99704623
YP_026264.1;0.849545
YP_026265.1;0.95827997
YP_026266.1;0.019745588
YP_026267.1;0.02608326
YP_026268.1;0.020722419
YP_026269.1;0.039554834
YP_026270.1;0.15491131
YP_026271.1;0.10259703
YP_026272.1;0.020552993
YP_026273.1;0.99581516
YP_026274.1;0.016294092
YP_026275.1;0.99785006
YP_026276.1;0.030322075
YP_026277.1;0.038881868
YP_026278.1;0.9978633
YP_026279.1;0.10018131
YP_026280.1;0.020736873
YP_026281.1;0.040052652
YP_026282.1;0.9020747
YP_026283.1;0.31407592
YP_026284.1;0.7723403
YP_026285.1;0.06847525
YP_026286.1;0.05916837
YP_026287.1;0.0730018
YP_026288.1;0.9958875
YP_026290.1;0.030593663
YP_026291.2;0.13713843
YP_588435.1;0.04186195
YP_588437.1;0.079972684
YP_588439.1;0.29735577
YP_588440.1;0.6890156
YP_588441.1;0.13627777
YP_588442.1;0.093560904
YP_588443.1;0.25202262
YP_588444.1;0.30979228
YP_588445.1;0.09464204
YP_588446.1;0.4938354
YP_588447.1;0.15401
YP_588449.2;0.12670979
YP_588450.2;0.069172114
YP_588451.1;0.065169066
YP_588452.1;0.65037906
YP_588453.1;0.41805387
YP_588454.1;0.15291649
YP_588455.2;0.30685708
YP_588456.1;0.40139306
YP_588458.1;0.08243972
YP_588459.1;0.037335277
YP_588460.1;0.47340316
YP_588461.1;0.25580385
YP_588462.1;0.47541794
YP_588463.1;0.102226764
YP_588464.1;0.32591176
YP_588465.1;0.075342536
YP_588466.1;0.051719457
YP_588467.1;0.05458373
YP_588468.1;0.03406632
YP_588469.1;0.4295752
YP_588470.1;0.27077192
YP_588471.1;0.66643
YP_588472.1;0.062689126
YP_588473.1;0.28940624
YP_588474.1;0.5448158
YP_588476.1;0.2840938
YP_588477.1;0.13452089
YP_588478.1;0.31469887
YP_588479.2;0.54084325
